Coordinates
version=1
nRows=266
nColumns=24
inDegrees=yes

Units are S.I. units (second, meters, Newtons, ...)
If the header above contains a line with 'inDegrees', this indicates whether rotational values are in degrees (yes) or radians (no).

endheader
time	right ankle	left ankle	right knee	left knee	right hip	left hip	right shoulder	left shoulder	right elbow	left elbow	right foot	left foot	right shank	left shank	right thigh	left thigh	pelvis	trunk	shoulders	head	right arm	left arm	right forearm	left forearm
0.0	8.683705913177773	3.801844551307852	14.947642519793813	4.426851959654032	15.90141421530889	9.027596706126738	23.87496833278302	28.042071499753586	94.67689169319327	85.04427608055076	1.2474618032977636	-5.524655943031658	-97.46492139102374	-93.81912977255851	-82.51727887122979	-89.3910963804121	-39.652000976755666	81.58130691346122	-11.509723648745638	73.76623371016215	-74.54372475375585	-70.37662158678526	20.133166939437437	14.667654493759613
0.008333333333333333	7.193737461940359	2.792196485904809	13.003628334585024	4.530591061843992	14.753336221283169	9.468138238396964	23.854470117262576	26.90980826075406	95.829269924461	86.75705568963673	0.5479655199604242	-5.115453514143234	-96.64162270412344	-93.45692199568634	-83.63799436953829	-88.92319235242462	-20.63010538903736	81.60866940917846	-11.282321045481641	73.37323654097146	-74.53686047355906	-71.48152233006755	21.292409450901957	15.275533359560688
0.016666666666666666	5.822026876917012	1.8876602983124984	11.21143385278264	4.698719425390075	13.68764616754442	9.915009430311207	23.851919333101325	25.86616667913633	96.8780324491063	88.35255719219644	-0.10350073526412618	-4.728061639988806	-95.88686066523937	-93.15258002960068	-84.6754268124566	-88.44806354968995	-2.3391836837518296	81.63692701999891	-11.164261459956704	73.00484183551173	-74.51115364689987	-72.49690630086485	22.36687880220643	15.85565089132014
0.025	4.646177045979842	1.1415680423538082	9.665076599044127	4.9378514871137895	12.757962437992378	10.352504963979865	23.874867284695814	24.966549668581045	97.76197944085816	89.7529928632063	-0.6689187941499207	-4.375361721744102	-95.24017018002107	-92.92761858841278	-85.57509358097683	-87.98055105498945	14.614434461793422	81.66694398103077	-11.179053028597233	72.67863484488039	-74.45818873427355	-73.36650635038832	23.3037907065846	16.386486512803373
0.03333333333333333	3.6918113235399224	0.5460086088594318	8.403965230522545	5.182253256917758	11.98897003890411	10.734487741453036	23.921817928983636	24.23287424128267	98.46092404470716	90.92669088741879	-1.1361881337771063	-4.060188500586748	-94.71542210324009	-92.76158502045561	-86.31145687271743	-87.56593917016858	30.179427409841345	81.69957308837847	-11.278475499866095	72.40169939403897	-74.37860898263804	-74.06755267033904	24.082315062069085	16.859138217062025
0.041666666666666664	2.9488450581818975	0.05236266264066522	7.4326698019144715	5.3165912550403185	11.386375815922808	10.995828202358496	23.986370912729136	23.666838993436944	98.97772741745321	91.86684866978341	-1.512725699279794	-3.77964179735613	-94.31105768390321	-92.60375393697711	-86.87838788198866	-87.268935495553	44.71881541891575	81.7352363020886	-11.403099773521108	72.17685875076565	-74.27839278518242	-74.59792470447466	24.699334632270755	17.26892396528839
0.05	2.3941465397063837	-0.38702013811829	6.740836785488017	5.2430040897730885	10.946945579080586	11.085408299440076	24.063427272666807	23.265020658688197	99.32109435856133	92.57034453203592	-1.813228323350574	-3.530260569061834	-94.02002745010135	-92.40721427918125	-87.27919066461327	-87.14072794425378	58.76661419186264	81.77386375630624	-11.506495581853033	72.00612954910099	-74.1627089710271	-74.96111558500577	25.158385387534192	17.60922894700824
0.058333333333333334	2.0036886594206895	-0.7886297170782208	6.305838661874875	4.942874608692536	10.65927498098006	10.997099855525716	24.1499296596534	23.0168369471852	99.50858690936035	93.04640525207024	-2.051644920928455	-3.309580730976113	-93.83171652008294	-92.15966225917796	-87.52587785820799	-87.18805298366232	72.80417398626072	81.81484716081206	-11.559010351300088	71.88764318749837	-74.03522317953471	-75.16831589200297	25.47336372982563	17.878089360045742
0.06666666666666667	1.7562522304864037	-1.1439115541821125	6.090297782595098	4.470231664649944	10.502300431518528	10.767041640395854	24.24397121944074	22.900667913493297	99.57120106126473	93.3282519553914	-2.238236014083547	-3.1158188866371628	-93.73136525615308	-91.87988300596996	-87.64106747355792	-87.37632626468056	87.06679007280867	81.85663209492367	-11.542715512443388	71.8147078669442	-73.89939668563575	-75.24269999158328	25.67180437562902	18.085551963789857
0.075	1.6334693165075351	-1.4408521329602972	6.046830980003028	3.903697297224575	10.447333590429908	10.44835924660003	24.34607696658349	22.892307970215597	99.54025600615843	93.45591081468464	-2.3791947242038085	-2.946887101321084	-93.70183319369598	-91.59398214872756	-87.6550022136929	-87.65397655752272	101.45462899099162	81.89766419587734	-11.43848099621507	71.78058640372043	-73.75625883753933	-75.21002783390732	25.783997168619166	18.24588298076645
0.08333333333333333	1.6178452871786122	-1.6728344130394817	6.124395228170189	3.3179286249577804	10.461690503661998	10.093940319858811	24.45940124847685	22.97169717854173	99.43531985436944	93.45683261170564	-2.4769848434663517	-2.7993038221743194	-93.72495496524158	-91.32265044348817	-87.60055973707134	-87.96830992087447	115.60589184041308	81.93774975926684	-11.221757009386964	71.78177165504155	-73.6028489922565	-75.09055306219169	25.83247086211303	18.366279549515962
0.09166666666666666	1.690304617932415	-1.8429263377382852	6.273369093028419	2.768132175617048	10.513973667655764	9.745955395305815	24.587065283778408	23.11960048551492	99.27217798616853	93.3546485823291	-2.532201713613871	-2.6703123899470236	-93.78230056411549	-91.07709452870175	-87.50893147108701	-88.27694974343689	129.06652971409775	81.97709486125741	-10.87055599388484	71.8148861594555	-73.43583985496436	-74.9033046532279	25.836338131204275	18.451343929123098
0.1	1.8285078313669565	-1.9650788558563752	6.453672594052427	2.2825000560723185	10.580572703420073	9.430029603638943	24.729429960250382	23.316665155534526	99.07336968194582	93.18149851327286	-2.547824064085038	-2.5600688765917132	-93.8583379926064	-90.85885197397235	-87.4046653985539	-88.55520849833493	141.44796981585878	82.01476189802622	-10.367124933727224	71.87283126469259	-73.25580814172355	-74.66857294643948	25.817561540222346	18.512925566883546
0.10833333333333334	2.007511820248577	-2.0509371642742433	6.6405529054191375	1.8789057044115363	10.648313524401784	9.162462607636368	24.884335727541718	23.5515804245681	98.86110902037241	92.96501427706049	-2.5304409753012984	-2.4680382320102874	-93.94300897217076	-90.66876043579931	-87.30245606675156	-88.78830698351688	152.51167382035592	82.04923040884684	-9.689187454363337	71.94792380566012	-73.06643386361156	-74.39918916658527	25.794675156760892	18.56582511056323
0.11666666666666667	2.2006247080425023	-2.099816501452234	6.820841362605647	1.5799630525340047	10.711098771531745	8.957020602354957	25.04873786667272	23.823754256395066	98.64685624934411	92.71515120317747	-2.4880525423225466	-2.390051476756003	-94.02983111832424	-90.51383114543293	-87.20898975571853	-88.96306792489523	162.1306529250098	82.07991147274987	-8.807692904585776	72.03706419904599	-72.8713506605775	-74.09633427085525	25.77550558876664	18.61881693245824
0.125	2.3787810515051566	-2.1102026464007984	6.9849646610171305	1.3998132509393304	10.76503700780306	8.81796499860833	25.218728954080156	24.13118328376594	98.43652758292082	92.4393727562399	-2.4320419258710135	-2.32330751721979	-94.1123838214169	-90.40082020691474	-87.12741916039971	-89.07449116959437	170.17878055108005	82.10754383179736	-7.701212781150114	72.13975484424678	-72.67372721412258	-73.76127288443688	25.76280036879828	18.678099871996906
0.13333333333333333	2.5137261176765535	-2.0934969702243658	7.122267919018934	1.329477442984279	10.805621678426151	8.735092412351783	25.390149946480967	24.462023521354773	98.2379038241234	92.15760106683594	-2.3800831325066287	-2.2713824146257133	-94.18332430693323	-90.32773472918277	-87.06105638791423	-89.13158565398855	176.54783870999083	82.13332193365969	-6.376667405904313	72.25431877270292	-72.47652811985941	-73.40465454498568	25.761375704264037	18.75294652211007
0.14166666666666666	2.5852277371707504	-2.0670154121460267	7.221787042250749	1.3507325030565334	10.82680275828026	8.694517570365328	25.56132909124281	24.80270376794916	98.0539443699131	91.88794803498975	-2.35173575065201	-2.2411394880671676	-94.23678256633886	-90.28807565269526	-87.01499552408805	-89.14728071200295	181.248474625765	82.15820171763171	-4.876534962588307	72.37976167959788	-72.28046919112549	-73.0390945144192	25.773475178787642	18.848853520900605
0.15	2.5847794805766036	-2.0404589246327274	7.2762061399918165	1.454371850935589	10.821983558706416	8.688520736094056	25.734582554819703	25.14521830191924	97.8750741968436	91.63209534717906	-2.360883901159092	-2.2375649302735527	-94.27102664391552	-90.27956404832457	-86.9948205039236	-89.12828332653598	184.32424031367702	82.18319593736994	-3.271460792377577	72.51610416924647	-72.08222150781035	-72.67158576071087	25.792852689033296	18.960509586866483
0.15833333333333333	2.514718000071888	-2.017011265850696	7.284516655065295	1.630767103489983	10.787419056986993	8.709353325713371	25.91467212673091	25.481408740858605	97.68676005573559	91.38811110126457	-2.4120938588017125	-2.261887714461284	-94.2875687203626	-90.30151218988351	-87.0030520652972	-89.08111779657085	185.61245361506332	82.20952887771577	-1.6574918325552024	72.65834862116921	-71.87579899555334	-72.30906238142569	25.810961060182297	19.079048720293656
0.16666666666666666	2.387044322259721	-1.997534534369056	7.254344698284396	1.8561134713414564	10.726843651983359	8.743294910823233	26.10568099689003	25.79939883658898	97.48277028473484	91.16315102065877	-2.500670652847086	-2.3094384932375935	-94.28972500299741	-90.34879744064187	-87.03538030471293	-89.01892904587312	184.6124602788003	82.23777604330367	-0.16554679849171766	72.79422589370496	-71.65654295980634	-71.96282512010745	25.826227324928546	19.200325901037235
0.175	2.2217892379193103	-1.9762373165318619	7.205643505405544	2.1026696425820517	10.653780785453483	8.778851958356952	26.3098410089564	26.09270404260278	97.26485339507401	90.959718383215	-2.6150396933965037	-2.3689601811384393	-94.28480598767771	-90.41576246319863	-87.07916248227214	-88.95409130936874	180.6050977899871	82.26705673227434	1.0352000946901736	72.91148471489078	-71.42310225876929	-71.64023922512301	25.841751136304747	19.3194791585656
0.18333333333333332	2.042679220669407	-1.9421693569803629	7.167004041448608	2.3497189787500954	10.587067914354181	8.813443020686536	26.52927661496582	26.365284272045347	97.03310304296078	90.76409848806888	-2.7409726664056415	-2.4288156938105265	-94.28442168000196	-90.50112790477907	-87.11741763855336	-88.89104253222108	172.98279086563838	82.29551444709244	1.776249910785739	73.00515128312564	-71.17520893794178	-71.3392012808624	25.857894105019017	19.424897207601582
0.19166666666666665	1.8718111977970433	-1.889397200039598	7.159492835196204	2.576775110634845	10.54035589279113	8.847311109322186	26.765847406775016	26.62080859094559	96.78592704940611	90.56371504469735	-2.8650589563080278	-2.483192216480015	-94.29750561214512	-90.60416340718002	-87.13801277694894	-88.83105756041795	161.51933302212333	82.32163133025998	1.9724818748512447	73.07722137442549	-70.91252126296509	-71.05756007879475	25.87340578644104	19.50615496612582
0.2	1.7271818692421101	-1.8179449767388898	7.18520920716016	2.7631772885030768	10.516033007263424	8.877942291942592	27.01861928170411	26.85583309805138	96.52752841920868	90.36263599273113	-2.97513434386531	-2.5294667937146147	-94.32404795037732	-90.7212028043974	-87.13883874321718	-88.77692945853808	146.3744155562192	82.34512824951949	1.6679729408592137	73.13359351227388	-70.6362524687765	-70.7990386524296	25.891275950432178	19.563597340228835
0.20833333333333334	1.6239914933224169	-1.7240156138461848	7.236765871492414	2.904024082841113	10.510480755497483	8.90420211777621	27.284076092574374	27.069737951252048	96.26717748680831	90.16735502249462	-3.059968499191589	-2.5628796793084265	-94.35920623135159	-90.85014277859536	-87.12244035985918	-88.72871899758053	128.00359077092807	82.36707888464348	0.982524927145245	73.18303779934283	-70.3488450227823	-70.56318316410514	25.918332464025987	19.604171857864507
0.21666666666666667	1.5752426178203784	-1.5979301901908105	7.313841957870191	3.0155553846881813	10.522380448695747	8.929185143901165	27.557906541433773	27.270176527312074	96.01306491995709	89.97218309273407	-3.112389452418584	-2.5774017328529246	-94.40199680633266	-90.99338355595586	-87.08815484846242	-88.68135015325711	107.1655039425954	82.38946470284198	0.029122373272036213	73.2352337312499	-70.05262875572444	-70.3403587698468	25.960436164232632	19.63182432172285
0.225	1.5882370287668581	-1.4349207547537914	7.425029035981516	3.114691662178987	10.55465024622567	8.952275945735483	27.83433493670836	27.46220432255439	95.7737500836679	89.77065820591653	-3.132306706477255	-2.5693412756800647	-94.45615693253642	-91.15063315444222	-87.03112789655484	-88.63350219704513	84.96142807986531	82.41422185721964	-1.0972421752378643	73.29655827761715	-69.75144320607221	-70.12357382022701	26.022306877595696	19.647084383673935
0.23333333333333334	1.6622222525352135	-1.240131558001512	7.577594168832541	3.1999492408082277	10.611484236192618	8.963506073773686	28.10626421657637	27.642138954024617	95.5612466309825	89.56818741950391	-3.1232893438746827	-2.5361858682836864	-94.52399323869514	-91.31272831674325	-86.9463990698625	-88.59437723228157	62.768677679437296	82.44211669394501	-2.2859926863768263	73.3689350947732	-69.45161908947884	-69.91574435203158	26.109627541503684	19.652443064382073
0.24166666666666667	1.791693928037679	-1.0192808148739154	7.772549517839849	3.2644306911820204	10.695882885904009	8.954585817151122	28.36922774796935	27.807601169848013	95.38425365424122	89.37188477478665	-3.0874104957603197	-2.4746037485698817	-94.60431732392586	-91.46895861578629	-86.83176780608589	-88.57306487483895	42.01520982973781	82.47234930801021	-3.417637723864956	73.45330134624835	-69.15842294402064	-69.72004952214311	26.22583071022061	19.651835248264756
0.25	1.9699181239552295	-0.7737009096792733	8.007984718920103	3.3160443815669316	10.808636602283986	8.930659732857736	28.623072782447196	27.964301943227063	95.24250824178377	89.17910250681322	-3.025607016092313	-2.384318881975833	-94.69628760200304	-91.61590501145793	-86.68830288308281	-88.56627975250927	23.873385117195436	82.50306051463328	-4.403047652021972	73.55184039432282	-68.8738667029197	-69.53263754214107	26.368641538864093	19.646464958832784
0.2583333333333333	2.1868915663569886	-0.5085511368166689	8.27834449634565	3.3687552175764357	10.946080117569936	8.903553122551925	28.868460563900946	28.11630334476533	95.13215515557577	88.98834321600587	-2.9403861852241975	-2.2724433742580485	-94.80018481470167	-91.75359920466848	-86.52184031835587	-88.56436731337413	9.02680025054885	82.53207956407424	-5.199775352166823	73.6658866040654	-68.59945987202494	-69.35161709116183	26.53269528355084	19.636726117458757
0.26666666666666666	2.4271485444591216	-0.2371498691076707	8.568555834564977	3.42747608780668	11.09723072956843	8.880514976089172	29.105108399886536	28.25835988461838	95.0496140337582	88.80922293239958	-2.835583923252159	-2.151840278385785	-94.91338278433916	-91.8796479477652	-86.34482694977406	-88.56154270325356	-2.369575020102377	82.55794232065756	-5.801522989920427	73.79288160973557	-68.33694927945598	-69.18369779472529	26.71266475430221	19.625525128803595
0.275	2.67648751414167	0.028014418788936284	8.85851590243357	3.4952407362440345	11.24739688330068	8.86623111912279	29.333947569438074	28.386891773072524	94.98761996383439	88.64652061787638	-2.7149692667212535	-2.035544028670045	-95.03051068037644	-91.99280897644401	-86.17199477794277	-88.55316054212088	-10.54525909835939	82.58060833875659	-6.223287292237074	73.92659115055055	-68.08544409180539	-69.03249988817171	26.90217587202901	19.614020719629025
0.2833333333333333	2.9309255786520327	0.28380512531766744	9.139586798585146	3.5831632824681425	11.389520629672129	8.868404077547552	29.557964068448037	28.510341319066264	94.93439114391968	88.48715464017633	-2.5826325503160827	-1.932438663188297	-95.149391633458	-92.09744923985771	-86.0098048348728	-88.53092138699756	-15.91780476454027	82.60067453545514	-6.491507326097771	74.06038488117612	-67.84136139609686	-68.88898414547872	27.093029747822843	19.598170484005234
0.2916666666666667	3.193154188502795	0.5324579478889241	9.417690355594447	3.7027651016308125	11.52778626297835	8.893843420614475	29.78073900911132	28.639213282728612	94.88022519746247	88.31832323180035	-2.443346931550129	-1.8476205233667389	-95.27159067535233	-92.20029426577703	-85.85390031975786	-88.48784316212186	-18.95716680522426	82.61831341726389	-6.6387120967654765	74.19005878860024	-67.60094757362482	-68.7424733000065	27.279277623837633	19.57584992147913
0.3	3.462174113748213	0.7747582469985335	9.6962643392117	3.8568590917802443	11.667148388045314	8.94320921252937	30.006778859225314	28.775461960674043	94.820612695892	88.14462198623198	-2.3007044680709923	-1.784281023959775	-95.39565167894608	-92.30597478963824	-85.69938733973441	-88.42332651525044	-20.128361697521374	82.63346427222042	-6.698879816355433	74.31462038660705	-67.35975686855431	-68.59107376710293	27.46085582733765	19.55354821069513
0.30833333333333335	3.731218660587886	1.010611455892618	9.967716302780307	4.043874482814789	11.806058111623214	9.014780259133444	30.243828289826862	28.921962882618086	94.7510488179745	87.97210518415339	-2.1558016885704228	-1.7425156343854993	-95.51553527054924	-92.41701655098815	-85.54781896776899	-88.3390968202588	-19.87017913864178	82.64612292060798	-6.702326185198065	74.43581488401065	-67.11004878956523	-68.43191419676914	27.64100002840923	19.54019098293931
0.31666666666666665	3.992548835116289	1.240158324710006	10.222503753059879	4.260831726396979	11.939639000863556	9.107295651008435	30.50167878794504	29.091592784055887	94.66565396017099	87.79042111009022	-2.009612486703285	-1.7173819779606063	-95.62646166277518	-92.53373830142665	-85.40395790971537	-88.23630125957052	-18.574606775915047	82.65640308942127	-6.672674742584284	74.55631327544516	-66.84191812263379	-68.25200412651526	27.823735837537136	19.53841698590646
0.325	4.2420226380114805	1.4614649341134305	10.457442206769967	4.494666756705706	12.064106835335393	9.212505632489485	30.787610745157856	29.295961665130136	94.56278718862627	87.58566321778979	-1.8655362514646672	-1.699700871390045	-95.72800976459656	-92.65214210436685	-85.27056755782664	-88.12216876067257	-16.57301668523039	82.66532560683817	-6.627200551076521	74.67712546347373	-66.54706364800411	-68.03871272802071	28.01572354062212	19.54695050237439
0.3333333333333333	4.478981369430877	1.670985435245299	10.67444704144859	4.720228143638027	12.177873829933795	9.312026554548614	31.105051524703303	29.535390951422592	94.44538633229983	87.35747653905855	-1.7295249557109593	-1.6798018525902854	-95.82147058307419	-92.764736305762	-85.14702354162561	-88.01287081701079	-14.139761546886264	82.67510262844077	-6.578724888746268	74.79723430985835	-66.21984584685606	-67.78950642012167	28.225540485443734	19.5679701459823
0.3416666666666667	4.699057499513837	1.8663862875511363	10.874842568665844	4.917615896217241	12.279877898510309	9.390085666341731	31.455075496436802	29.80904770258656	94.3148745118295	87.11133006469164	-1.611634272453081	-1.6524298923343885	-95.90696586298287	-92.86627395642616	-85.03212329431703	-87.92191552648559	-11.505265364028537	82.68799880717283	-6.536998193556251	74.91637612633572	-65.85692569639049	-67.50295349022129	28.45794881543897	19.60837662064324
0.35	4.890470779938173	2.045682007976797	11.058729799910164	5.084984211581523	12.369458066745722	9.444240947189007	31.835539707965044	30.123284343704682	94.16942307302199	86.8475655390069	-1.5262747552433444	-1.618163514754124	-95.98414989023752	-92.95707634005196	-84.92542009032735	-87.85063720988401	-8.87420461017577	82.70512184292708	-6.509336758782739	75.03764778918628	-65.45933844910797	-67.17159381334454	28.710084623913968	19.67597179587543
0.35833333333333334	5.042322723391137	2.203989659135681	11.228831940310055	5.225837456752695	12.449293524363458	9.478519156125689	32.23945200868031	30.48083393637183	94.00916826751373	86.56988174203278	-1.484118251077001	-1.5796457453629587	-96.05361683266031	-93.03773686793384	-84.82478489235024	-87.79555926058794	-6.439919802860525	82.72592158328645	-6.50090680223145	75.16607369359676	-65.03462640803333	-66.7932444803142	28.974541859480343	19.77663736062065
0.36666666666666664	5.152072626930211	2.3342963666780014	11.38884460443943	5.334852116475571	12.524927761908268	9.494434626785374	32.657788966292216	30.87499739492671	93.83852165608535	86.29038572744024	-1.4838707053936253	-1.5372737867222024	-96.11545536371257	-93.10370313627453	-84.72661075927311	-87.75710389439594	-4.36315139741719	82.74846147881875	-6.51448187383011	75.3045709689811	-64.59374955488911	-66.37654112622451	29.244772101196176	19.913844732461797
0.375	5.221694908199528	2.4335055684052147	11.539558070566267	5.407792715141705	12.600442805277723	9.494681818778234	33.084751187358115	31.305272752226113	93.65975085177404	86.0133766212809	-1.5155170192210075	-1.4875565059468245	-96.1683821935191	-93.1502355189717	-84.6288241229528	-87.73458510945224	-2.71973820339599	82.77073307176961	-6.549424863015713	75.4533174694871	-64.14451574087236	-65.92399417597412	29.51523511090164	20.089382610544426
0.3833333333333333	5.251865095564152	2.5063216544852738	11.681206160955542	5.454361525866535	12.677042850307718	9.486935344009815	33.517434512255704	31.786141174748355	93.46901560678666	85.72598889911397	-1.5683950758550422	-1.423929977944194	-96.21197479974431	-93.17996963696595	-84.53076863878876	-87.7208761450866	-1.4977787255507593	82.79218851090367	-6.600069794439113	75.61236415809199	-63.690376976840724	-65.4216703143214	29.778638629945927	20.304318782333034
0.39166666666666666	5.2430357967613626	2.561947429113186	11.81638773287188	5.488093134941225	12.754881482537307	9.475891392718957	33.94996495367303	32.3300835357892	93.26336870772178	85.41446132402902	-1.6343210397821273	-1.340142312783103	-96.24758224739446	-93.2006248793874	-84.43119451452257	-87.71018460434087	-0.6738900247813155	82.81392400294028	-6.65430986467011	75.7818563042362	-63.236111043386806	-64.8559924612529	30.02725766433497	20.558469085940164
0.4	5.198272191198308	2.6087599857402624	11.946644106061683	5.5125498190425715	12.833079471845604	9.457289616339768	34.372882727921485	32.93384188758464	93.04628966416479	85.07741890598523	-1.7081010999510873	-1.2358914735044795	-96.27610889064181	-93.21843353357896	-84.32946478458011	-87.70525464008588	-0.2672739845464761	82.83745574357445	-6.694137257885742	75.96109192396506	-62.78966152850419	-64.22870236883944	30.256628135660595	20.84871677230955
0.4083333333333333	5.121934080415653	2.6519035566408715	12.06754028271638	5.5286499355858	12.907164935123792	9.42634657349347	34.78052880636504	33.58931628958946	92.82151835063752	84.71483647309681	-1.7888101562276009	-1.1202794346414702	-96.2965537859312	-93.23795845510254	-84.22901350321477	-87.70983186484503	-0.2884784252436614	82.86382156166158	-6.698153492260492	76.15041042172021	-62.35564963197349	-63.546862148772874	30.465868718664048	21.167974548742002
0.4166666666666667	5.018809875745139	2.6949256994004958	12.170074166760134	5.546038774347864	12.968888207769634	9.386536687979309	35.17454332012906	34.29341708551022	92.58781401781253	84.3196014403667	-1.8797064873812124	-1.0062264929015787	-96.30747588201649	-93.26457160001068	-84.13740171525629	-87.71975323504655	-0.6618108404213894	82.89371007697422	-6.642560428320725	76.35217203491105	-61.931746602896844	-62.812872837576094	30.656067414915725	21.506728782344045
0.425	4.897329618376844	2.7437643469696793	12.24819812548061	5.577135065609404	13.011109919939907	9.345398221484025	35.558258636950534	35.038411022511426	92.34640425582317	83.89325101017134	-1.9853319055780891	-0.8999456963793927	-96.30987527208978	-93.30295447789766	-84.06167714660909	-87.72738884506492	-1.2432074551621635	82.92721293345114	-6.499856496491433	76.56797014129373	-61.51452842959846	-62.0343760441475	30.83187582622473	21.8588750531338
0.43333333333333335	4.771878326812422	2.808322086300334	12.305410283518333	5.628205635779598	13.032571511585546	9.307093517914684	35.93173934506394	35.80477220523407	92.10765833443598	83.45726027954407	-2.107703269761339	-0.7990390275397072	-96.30928787178222	-93.3558940162164	-84.00387758826378	-87.72935558193461	-1.9011053565106413	82.96355090015079	-6.238845643093063	76.79639828625757	-61.10470975478541	-61.23167689478867	31.002948579650567	22.2255833168157
0.44166666666666665	4.659764741502847	2.897875193731872	12.352563190050917	5.700788515487712	13.035812698168487	9.271487944228184	36.294120481496	36.57041867017925	91.8835170385297	83.03755001220253	-2.2443494056539177	-0.700473148681535	-96.31431161284301	-93.4252657186711	-83.96174842279201	-87.72607317673227	-2.5606583784224144	83.00243887903962	-5.826924490465628	77.03280806466275	-60.70344063946451	-60.4271424510319	31.180076399065157	22.610407259986268
0.45	4.573505727804378	3.01216993542104	12.397855861793321	5.791432908673179	13.021681430585598	9.235554859153908	36.648049887121246	37.319495798936245	91.6794452611891	82.6494805311151	-2.389298947483125	-0.60686236319384	-96.33110151318088	-93.50938305017887	-83.93324565138748	-87.71937222281915	-3.2061031839679917	83.04507291802703	-5.233643907184263	77.26972411957885	-60.306877194851836	-59.63543128337652	31.37256806633722	23.01404862060276
0.4583333333333333	4.5164691547079086	3.1396050472215227	12.443929597675092	5.8854637223565796	12.991352737412303	9.192307076326273	36.99908673612911	38.04005888143045	91.49965821983434	82.30458445651291	-2.534023247796688	-0.5238470370661561	-96.360153733278	-93.59953720450014	-83.91622413560283	-87.71526979668884	-3.8758925020049126	83.09242312698497	-4.436883175960289	77.49969218639865	-59.90849013688604	-58.867517992020666	31.59116808294826	23.43706540768336
0.4666666666666667	4.486282641183391	3.266160225596795	12.494275137341218	5.959855106058263	12.951732018098449	9.131961891757252	37.35224206577567	38.722551563131894	91.35318767801054	82.01714368848383	-2.666299067470221	-0.4545110674847217	-96.39897016792929	-93.68336484839554	-83.90469503058802	-87.7244651569292	-4.635767699346689	83.14357295131363	-3.4330584758467513	77.71919684379854	-59.504184982910814	-58.133875486086076	31.849002695099696	23.883266608011674
0.475	4.477424474866232	3.3817794031828097	12.55124138022273	6.001744702965365	12.910032970822387	9.051662060381542	37.712811551018	39.36564756093623	91.24785629984449	81.79502377938573	-2.772217982423457	-0.40136562569575135	-96.44456918394232	-93.75271925585149	-83.89332780371956	-87.75169871416037	-5.507383652906239	83.19663922545816	-2.2492855788855084	77.92951907094637	-59.09054922352397	-57.437713214219585	32.15730707632048	24.357308332293012
0.48333333333333334	4.4809982067610985	3.480221736518417	12.609915119181753	6.020582083685881	12.866727085731984	8.962933431829374	38.08883246369755	39.97866240592514	91.18402567017596	81.63421087705997	-2.843673432408745	-0.3705243869797654	-96.49344498632486	-93.80738793251066	-83.88352986714308	-87.78732352104566	-6.420846900664469	83.24974304712502	-0.950442762605338	78.13529946814691	-58.66142448917756	-56.77159454761535	32.52260118099836	24.86261338071972
0.49166666666666664	4.485068400640866	3.558465879936193	12.66532848860831	6.036543725814651	12.822020181427911	8.884319015158653	38.48769908427794	40.57506477841987	91.16222175459863	81.52942228860385	-2.884247781154364	-0.36881123439585106	-96.54300288260802	-93.85157563233646	-83.8776743939997	-87.81537556026892	-7.257867736184393	83.3003054245725	0.3667530986798618	78.34326803427723	-58.21199549114971	-56.12462979767016	32.95022626344888	25.404788795394488
0.5	4.473429309639177	3.613799390477381	12.720461840940528	6.064945533892299	12.78231243538009	8.8298464717207	38.91050884518224	41.16466121237083	91.19219499869166	81.48168035684199	-2.9076965872130933	-0.4021019969615721	-96.59275924369788	-93.88950446047302	-83.87229740275734	-87.82476336641666	-7.918640759795308	83.3453901618627	1.5930796302512533	78.56009035868423	-57.74410099295522	-55.48994862634137	33.44809400573641	25.991727333413515
0.5083333333333333	4.428862965188674	3.639580391827132	12.779806832939506	6.113235976329945	12.753286544008532	8.804885849507885	39.35251265937434	41.752559536879666	91.28618736829017	81.48686598934863	-2.93096200285239	-0.47818754965472743	-96.64258679807985	-93.9243179045508	-83.86277996514035	-87.81118065964091	-8.34667817709001	83.38393349085125	2.630708376463931	78.7885757373776	-57.26355384977456	-54.863506972635335	34.02263351851558	26.623354076531424
0.5166666666666666	4.343593913404912	3.6269151071918273	12.84135652187781	6.181443112795112	12.732896370862322	8.807300543814296	39.80851131154649	42.34299668201749	91.44632238981909	81.52418809362473	-2.966886417211617	-0.6035585493114863	-96.69132248647706	-93.95698190071421	-83.84996596459926	-87.77556179164723	-8.529576348888117	83.41713766453854	3.409701691786254	79.02631806870448	-56.774351023915116	-54.239865653439026	34.671971365903914	27.284317271996496
0.525	4.22465151730646	3.57341882428704	12.90008897471501	6.262871544575105	12.716475002896752	8.831023871478815	40.27619019768431	42.93936289721827	91.66298696657627	81.56724507828878	-3.0198905717083115	-0.7736579410119959	-96.7376745222139	-93.98593563580458	-83.83758554749885	-87.7230366789168	-8.487171323834724	83.44593944960451	3.8917778702341823	79.2697055529342	-56.277870352711325	-53.614697652594174	35.38511661386489	27.952542549344113
0.5333333333333333	4.089753289362192	3.4912808282706695	12.955122133853859	6.3501267338071585	12.704120061800873	8.86981055015177	40.755965427026716	43.541767870803234	91.91944823933015	81.6002990775535	-3.084954007817337	-0.9675533538000183	-96.78123555044453	-94.01060720663897	-83.82611341659062	-87.66042292823981	-8.250018843105176	83.4697665216086	4.0668593600690945	79.51805134012979	-55.774268051364814	-52.98846560617676	36.14518018796531	28.611829660858028
0.5416666666666666	3.9614865570213893	3.404497063250525	13.008543129669622	6.442111888670502	12.698136185343492	8.918980335996038	41.25005145073102	44.148581891226634	92.19215073783057	81.61525296602616	-3.1485981898925997	-1.1531023393906996	-96.82185550766847	-94.03465236323628	-83.81331237799877	-87.59246822734643	-7.84535120883536	83.48855143665783	3.9500517171837224	79.77139018863664	-55.26139711261129	-52.36286666958938	36.93075362521928	29.252384625063094
0.55	3.863543637888281	3.3380759982877235	13.061546085502908	6.542931960343419	12.697940175444586	8.973965801648376	41.75996931064924	44.7582583640539	92.45253938521785	81.60337172537768	-3.1920374189849166	-1.2970219344552973	-96.85918240455126	-94.06461852609097	-83.79763631904825	-87.52161069284482	-7.294980148278989	83.50442350550722	3.5815849282028718	80.02599047723821	-54.735607183843676	-51.737318126491004	37.71693220137419	29.866055472233995
0.5583333333333333	3.8177958440501705	3.312591155752097	13.117221176738886	6.652979109048084	12.70332568597085	9.026956054488396	42.28246648157537	45.36839894370046	92.67861520637128	81.5602713370862	-3.1962499763863415	-1.371972490572396	-96.89377494998719	-94.10597461688658	-83.77655377324818	-87.45292340473114	-6.6181332964545625	83.520120540781	3.029565402027132	80.27710504045811	-54.19741297764376	-51.11148050984843	38.48120222872753	30.448797992891
0.5666666666666667	3.840540139766316	3.344925921955325	13.183706557427245	6.765072198778866	12.71885828157719	9.067944424335302	42.808534092753156	45.976015215648914	92.86443359276022	81.49143871567514	-3.147869832584197	-1.3618101137419092	-96.92832841751904	-94.16067180916411	-83.74462186009167	-87.39553571733421	-5.834851908709994	83.53651985833115	2.3951199783596056	80.52554026620015	-53.6549460489158	-50.487464918374755	39.20948754384443	31.003988317210823
0.575	3.9374124422343324	3.444563257734864	13.270341776138531	6.871978971676929	12.749216027935804	9.091466584473217	43.32693163428331	46.57874822246553	93.01372404041852	81.40671173045624	-3.0454179704062003	-1.2667135901984556	-96.96805443507827	-94.22749456884868	-83.69771265893957	-87.35546210240298	-4.969392932577625	83.5530713131246	1.811037349848674	80.7755837323864	-53.11999705259219	-49.868180454642776	39.89372698782633	31.53855544382198
0.5833333333333334	4.100897889924695	3.6065573030091858	13.380009116354321	6.971406498125133	12.791627930194558	9.098911306102536	43.828086130070766	47.174739403444526	93.13019596213404	81.31590363038693	-2.9001187993471076	-1.1026952524026175	-97.0183967188093	-94.30255325306734	-83.63838760245477	-87.33110422654778	-4.060932290994318	83.5699844673506	1.4165804480449853	81.02683313426972	-52.601929402578705	-49.25527611735267	40.528266559555334	32.06066369722707
0.5916666666666667	4.312289485961223	3.813385886841882	13.504961874714658	7.06066427750474	12.836257821310845	9.092573114824354	44.30557611401381	47.76215980030729	93.22062197704106	81.23178814033123	-2.7296288407888185	-0.8932638858943132	-97.08025379896219	-94.37967298687985	-83.57529192424732	-87.3189766307349	-3.1855682218582833	83.58845025444172	1.3155971218722722	81.27294648197737	-52.105973631544494	-48.64938993163225	41.11464834549656	32.582448596307984
0.6	4.545398456966143	4.044864139874296	13.628423073063033	7.134434963335332	12.871808885176344	9.072650170883854	44.75710991636892	48.33941390134177	93.29959369061939	81.1684399489717	-2.5522655306767614	-0.6606112497473036	-97.14758481261546	-94.45277821686719	-83.51916173955223	-87.31832045384581	-2.451150369682414	83.60902937527132	1.5510880896008885	81.50650311764811	-51.63386070835976	-48.05155670871965	41.66573298225963	33.116949462554686
0.6083333333333333	4.7721993784974535	4.283066974661919	13.728350657820782	7.191682742589769	12.887406201635256	9.041765865962585	45.186744769850584	48.90684404284806	93.3809689806964	81.13255383713955	-2.3838924806132806	-0.42426567079955646	-97.20971982108314	-94.51870725856239	-83.48136916326217	-87.32700949893582	-1.931757886959383	83.63122463510248	2.1079372597287107	81.72119382218908	-51.18203059504692	-47.46193130758453	42.19893838564948	33.670705146652345
0.6166666666666667	4.970401778612362	4.5121735085186465	13.78418849745869	7.23840531179405	12.873216500199641	9.006390669552045	45.60447512211336	49.46795824314137	93.4676209630809	81.12189966457763	-2.235582977949885	-0.20228107113448315	-97.25647083255623	-94.57752229679188	-83.47228233509738	-87.33910816574567	-1.6206367648776319	83.65450116470295	2.9298650875626127	81.91279039946254	-50.7410237131837	-46.877540579818074	42.726597249897196	34.24445691641022
0.625	5.129723160078006	4.72192423906651	13.787378242859516	7.2793246318663005	12.826004942218955	8.97075265089363	46.02038376780214	50.02708710453773	93.55600374697966	81.13312403765316	-2.1121670923330638	-0.006016460558935802	-97.28290945055365	-94.63011226669823	-83.495531207694	-87.35078349901953	-1.4739333324302428	83.67846385008707	3.9394099722832894	82.08178546371981	-50.301152382110814	-46.294449037899895	43.25485136486881	34.83878429999441
0.6333333333333333	5.2524086644374295	4.910754264801134	13.744573858326106	7.312666890250438	12.752078319067124	8.93362101975474	46.439453206723854	50.58682921120706	93.64576843233273	81.1649932020585	-2.0123605539962535	0.16407552067441464	-97.29004439437152	-94.67659552544457	-83.54547053604533	-87.36392783535715	-1.4588647875469445	83.70245114488765	5.056862560833932	82.23305954977232	-49.858095648388556	-45.71071964494762	43.78767278394417	35.45438704869407
0.6416666666666666	5.346421916594727	5.081125131473598	13.667635848053813	7.337499512974718	12.660061213891352	8.893353611355767	46.8632970414822	51.15077469171731	93.74049691605492	81.21367812345825	-1.932069734615688	0.31145779693221903	-97.28141234226655	-94.71798220577166	-83.61377649421266	-87.38048409674661	-1.526941205548236	83.72616229189613	6.213530418161819	82.37214087690226	-49.41054066662177	-45.12306303057911	44.329956249433174	36.09072090407262
0.65	5.417327428481489	5.231564271110962	13.565792167546784	7.3586037066753995	12.554706316630003	8.851738979460476	47.29477882296943	51.72744910448814	93.84502145668716	81.27023209773293	-1.8702190444380162	0.4339273135676295	-97.2609478301398	-94.75672400186731	-83.69515566259297	-87.39812299975942	-1.586476626559291	83.75013802077721	7.352750099542751	82.50377114896882	-48.95508315625349	-44.52241290765342	44.889938300433705	36.74789977241135
0.6583333333333333	5.465524998101102	5.355091286289992	13.451200067609497	7.379441912572325	12.44192457664272	8.810936285066898	47.7390994797585	52.32595836953231	93.96351372454882	81.32628841163472	-1.832820004080473	0.5242991759065265	-97.2345144488883	-94.79374126396853	-83.78331438127881	-87.41430267284969	-1.544536085851229	83.77476104207868	8.423929473333645	82.63348620178526	-48.486139478162954	-43.89928064638252	45.4773742463859	37.427038917096276
0.6666666666666666	5.489050512082993	5.444009976527022	13.342747522314225	7.397730189829983	12.333165731949759	8.770607909410804	48.20190080728001	52.9474281660296	94.09552550036415	81.38135115953122	-1.8299792020785017	0.5764805117552715	-97.21001339230179	-94.8275504320789	-83.86726586998758	-87.42982369251934	-1.3619211866742225	83.79956839806289	9.385928540728143	82.76798199612915	-47.99853079465726	-43.253003525733725	46.096994705706905	38.12829781129265
0.675	5.487852930374506	5.491920604856574	13.255957876852595	7.410872386470774	12.238345821060554	8.729376278217806	48.686990682643376	53.58462289260344	94.23430218183087	81.44287008041717	-1.866919240956496	0.585551169137255	-97.19305724002703	-94.85693803676298	-83.93709936317444	-87.44606890600741	-1.0648468727519023	83.82455481576523	10.215752832439566	82.9126018083905	-47.48845450159157	-42.59082241984005	46.745847680239294	38.85187782286995
0.6833333333333333	5.464330859316881	5.492413457777488	13.19479903538795	7.4192334771229405	12.159652746566536	8.68647614459998	49.194808491316934	54.228370165630395	94.37162141546621	81.52255435472375	-1.9398949273210992	0.5462233843239616	-97.18387517422238	-94.8814833485173	-83.98907613883442	-87.46225274078839	-0.7363812328207218	83.85127111459927	10.898989183628641	83.06934167451931	-46.95392039408397	-41.92035889176638	47.4177010213822	39.60185976995094
0.6916666666666667	5.421547377026259	5.442768003860426	13.15886267532394	7.4216262034424325	12.097297510358173	8.641267405017839	49.72268212396578	54.871639906699	94.50391144121501	81.6332762860523	-2.0403030806985982	0.4592397058541181	-97.18015995454275	-94.8989511968682	-84.0212972792188	-87.47732738454376	-0.5127292512599145	83.88140521042327	11.40597771463319	83.2385327729218	-46.395912665611135	-41.246955101603696	48.1079987756038	40.38576893638684
0.7	5.3639249223729495	5.350420777058417	13.152198923657812	7.412147879346151	12.055635823431848	8.592027286616547	50.267055592043434	55.509660340376556	94.63284680201076	81.78477931560555	-2.157685694341203	0.3383850628328171	-97.1813397121545	-94.9048953123522	-84.02914078849666	-87.49274932529417	-0.5515393365463233	83.91522338807171	11.68508613182931	83.41995570997754	-45.817721019885035	-40.57511653574251	48.815125782125605	41.208842050249004
0.7083333333333334	5.297813434882061	5.23144333533372	13.179063021857472	7.384228953641685	12.037866770202287	8.535040178556104	50.82602845451862	56.13891507406019	94.76125640535373	81.98172317312986	-2.280170655947966	0.2051508627505372	-97.18842079418675	-94.89641189724904	-84.00935777232927	-87.51218436395611	-0.9370432546911398	83.95277545746868	11.679250108324196	83.60932739214591	-45.22119608801289	-39.90830977045941	49.540060317340675	42.072276856396186
0.7166666666666667	5.231241892115637	5.103367509047924	13.236867214957083	7.336294630806046	12.039468214701671	8.465339032733759	51.39893669381622	56.75582992011765	94.88928069352664	82.22445116301746	-2.397130313995232	0.07791943333259703	-97.20168723266995	-94.87524282689932	-83.96482001771284	-87.53894919966146	-1.6154587419979152	83.99571176758573	11.344833989473951	83.79617176172115	-44.60535153859825	-39.248458635393106	50.283929154928195	42.97450591754004
0.725	5.173955952964504	4.983865760391102	13.320591105861215	7.272958575834438	12.053387528017018	8.379801763152019	51.983001743235796	57.35550288409545	95.01411678773617	82.50638130330736	-2.502471089589147	-0.028727101987979547	-97.22099799615823	-94.84695057533443	-83.90040689029696	-87.5739926551452	-2.455164125896292	84.04620558168625	10.66162817893332	83.96800388697649	-43.970792675078144	-38.59829184975694	51.04332411265782	43.90624322902493
0.7333333333333333	5.134144242084292	4.892972432530932	13.428585007080011	7.2028850449269095	12.077363641549805	8.27957174140746	52.572400300400396	57.93175984537687	95.1331185321718	82.81208163999544	-2.594850752201701	-0.09863320821894528	-97.24663465722512	-94.81872621536958	-83.81804965014506	-87.6158415502767	-3.336851484953893	84.10458670830536	9.638259632036842	84.11576665963123	-43.32301299129442	-37.96365371054893	51.810105540877196	44.846252243119785
0.7416666666666667	5.115879933494099	4.849922711436654	13.556601050461309	7.136878471521894	12.10949496748931	8.1696708991824	53.161466718086615	58.47910990669885	95.2459341284819	83.12220218379778	-2.6730156440008037	-0.11531272108317003	-97.27766970198871	-94.79777101892755	-83.72106865152737	-87.66089271983438	-4.1799908662922745	84.16943638098351	8.316937106030664	84.2353647279673	-42.66909690093003	-37.351453863453145	52.57683722755172	45.768331453672
0.75	5.122566419299197	4.867064541413498	13.691767134377297	7.08601950000316	12.141342119251279	8.05741410574999	53.7469574914382	58.996028108036434	95.35369457280422	83.41872433119424	-2.7295914915690083	-0.06835264870750321	-97.31124860013772	-94.78942895372455	-83.61948146576043	-87.7034094792786	-4.9371298332303954	84.23917641498848	6.773106431267034	84.32660705577416	-42.01386609357344	-36.764795432840344	53.33982847923064	46.651438709835894
0.7583333333333333	5.159735855995449	4.946083947172532	13.819187133860934	7.058114928597407	12.161993130059924	7.950658268900008	54.32633394260103	59.48629541682461	95.45783406015015	83.68554872005275	-2.7504439000488263	0.04240810278507554	-97.34503368227575	-94.7952964089053	-83.52584654841486	-87.73718140961572	-5.5858435335424526	84.3121603215254	5.105420900877791	84.3923553329292	-41.36150573587366	-36.20154391857664	54.09632832427638	47.481712201351456
0.7666666666666666	5.2337320983426805	5.077652424333552	13.930682982610989	7.054245999531987	12.165417333014318	7.85521462154039	54.89563592834814	59.95633948279832	95.55861450348999	83.90884080191091	-2.7200061650434852	0.20694472341728168	-97.3790367796485	-94.81280263485976	-83.44835379703757	-87.75855650858482	-6.120239094707338	84.3862288699483	3.4199697789688193	84.43794235109596	-40.71813520170363	-35.65743088104499	54.84047930178627	48.249712565121726
0.775	5.351294614871326	5.245043913779323	14.023903911609743	7.068987576197373	12.149153655250844	7.771831167650538	55.45073111322653	60.411610907279126	95.65222309923377	84.08022032151666	-2.6279417055269234	0.4083730818696137	-97.4147271746043	-94.83713347941648	-83.39082326299464	-87.7681457507096	-6.544259751317151	84.46002308175471	1.8155488101145094	84.47006653988474	-40.089245805018805	-35.128364680975146	55.56297729421488	48.95129899905564
0.7833333333333333	5.517371843430018	5.429377720854274	14.098465490147118	7.094544720230765	12.11015397248562	7.695955049731045	55.98933233019933	60.854777472602734	95.73136332002684	84.20013994870185	-2.474928855803109	0.627884067697689	-97.45380986478972	-94.86408817457607	-83.3553443746427	-87.76954329756201	-6.867398015255051	84.53450165287188	0.3720248501340893	84.4956711636064	-39.47616601692881	-34.61071883207045	56.25519730309798	49.59071280812014
0.7916666666666666	5.7278322785031754	5.614079669066241	14.157580379319832	7.125300393488381	12.047844395273653	7.622145528100252	56.5105061577298	61.286928820294115	95.7925006200525	84.27567378834334	-2.274943315587501	0.8494053924759126	-97.49802681615508	-94.89144584464866	-83.34044643683534	-87.7661453042309	-7.105887047782963	84.6117091678912	-0.8584679282901828	84.5208080524427	-38.877784674379	-34.10135911431162	56.91471594567344	50.1783265070055
0.8	5.967089714537415	5.788528520279229	14.210222385085578	7.159448206418055	11.968672147016083	7.548268958626984	57.013891639241585	61.70987668548627	95.84056806641715	84.31399561790212	-2.0506457235491693	1.0621150707727793	-97.54928455378987	-94.91891369260162	-83.33906216870442	-87.75946535737735	-7.284145783074255	84.69226568427972	-1.8548011961686959	84.54904441713263	-38.29384267647872	-33.597853762464865	57.546725389938395	50.72389244463125
0.8083333333333333	6.216616355393514	5.948195975144003	14.267648063134793	7.197220773692204	11.88285368286561	7.474368929057931	57.5009012841144	62.12527951740716	95.88402228009726	84.31957689026656	-1.8227040331285795	1.2597637267191004	-97.60962139675513	-94.94767896830027	-83.34197333362047	-87.75045808777263	-7.42660727352302	84.77517298351417	-2.622317732832221	84.58155799791737	-37.7239257323715	-33.099542602926896	58.16009654772573	51.23264356068861
0.8166666666666667	6.463667170889568	6.089640861441171	14.33800832427277	7.23778702231948	11.79849311963445	7.399574002132117	57.97548096580306	62.534203367413426	95.93065250657737	84.29573059737056	-1.6020876743147183	1.4382184187733873	-97.68038800432758	-94.9790859044346	-83.34237968005495	-87.74129879795315	-7.545835740897538	84.85912720031085	-3.183989369768503	84.61933836819976	-37.165391833886176	-32.60666354593715	58.76526067269118	51.70767262687579
0.825	6.700887673338212	6.206154811292331	14.425136545161388	7.277986823436447	11.72120624380857	7.322131671652223	58.44148417391014	62.94089812180149	95.99149146042598	84.24465532964834	-1.3942288628054784	1.5935173499613449	-97.7611910667306	-95.01311598044782	-83.33605452156935	-87.73512909415207	-7.63709540625436	84.94273923462231	-3.57215608001802	84.66313740448128	-36.615776591467636	-32.11635595063344	59.37571486895834	52.153923962807234
0.8333333333333334	6.921924590292657	6.2902393199546305	14.529757026676203	7.314044438852835	11.655113742875063	7.240767064808329	58.90026695017949	63.35287920332769	96.08087180129053	84.16611265386507	-1.206749300483377	1.7220039441297619	-97.84983041395282	-95.04846454876395	-83.32007338727676	-87.73442006576398	-7.685141195663855	85.0248128698484	-3.8223321023078327	84.71059399498964	-36.0749201799722	-31.622300814552776	60.005951621318346	52.57717086595019
0.8416666666666667	7.121931886792328	6.340401452071143	14.647745168966498	7.343721202423151	11.599581723976456	7.154380419090574	59.354329932898445	63.77571979152401	96.20578849947259	84.0606234805341	-1.0466792599393933	1.822923820471555	-97.9424704445621	-95.08364781186296	-83.29472527559575	-87.73992658084026	-7.6865563690446885	85.10569300042802	-3.968913536455007	84.75552259046803	-35.53997706667364	-31.118580332815327	60.665811432799	52.983283338489386
0.85	7.300279853676656	6.363423002967346	14.76822657076165	7.3668582107733895	11.547538302915571	7.0625266947932746	59.812318304663236	64.21200709080621	96.35825438898746	83.93474290049977	-0.9139171602805789	1.8998246899720563	-98.03370455904964	-95.11734782373165	-83.26547798828814	-87.75048959662766	-7.663778316367935	85.18698370879652	-4.042537443468019	84.79071782052472	-35.00069798654036	-30.601003555924528	61.357556402447166	53.38210230118158
0.8583333333333333	7.456586665700969	6.367586488870061	14.878399720362205	7.384646023459617	11.491600363810178	6.967864984217722	60.28626209024345	64.66388046853062	96.5219223616108	83.80082618929987	-0.8054800132205275	1.9579717985270058	-98.11780362010184	-95.1477853099114	-83.23940389973977	-87.76313927930177	-7.647921737907081	85.26899573645028	-4.068673841278549	84.81085993563771	-34.4447421733064	-30.06712077656321	62.07718018830446	53.787116462150884
0.8666666666666667	7.584680876003764	6.355543622750919	14.97141129701263	7.398477579258551	11.430815616895485	6.875565836741127	60.784632644154826	65.1319290817958	96.68327693364225	83.67361655006009	-0.7239628802055901	2.0018888839705746	-98.19069047354832	-95.17300653622351	-83.2192791765358	-87.77452895627732	-7.656348852088012	85.3499052065689	-4.067020712554373	84.81409690850167	-33.865462149276404	-29.518167165765345	62.81781478436589	54.210041374645016
0.875	7.676531047377856	6.327120539331947	15.04806543830703	7.4092910460205115	11.369272313885352	6.788160716624258	61.31021280433813	65.61096253805648	96.83545625602413	83.56799663272191	-0.6743245276802754	2.035554254705893	-98.25066196573077	-95.19299916623585	-83.20259652742386	-87.78370812372759	-7.692260989557102	85.42813115869097	-4.051405885546829	84.80260009957243	-33.261656036971054	-28.960914548931996	63.57380021905309	54.656677403094555
0.8833333333333333	7.732071516863937	6.285608591796689	15.113120538511541	7.416894712606577	11.311488342430705	6.7029923635244275	61.861735473022634	66.09073489596805	96.97684887941399	83.49360945602038	-0.6533632697869237	2.0618751934621184	-98.29776223057246	-95.2100323759637	-83.18464169206105	-87.79313766928082	-7.758223180089137	85.50386996550841	-4.0299980748108	84.78091427764211	-32.634394561469115	-28.405412940811257	64.34245431794486	55.12378885140047
0.8916666666666666	7.759966031132553	6.236416474164082	15.17107438837318	7.4190225606238736	11.260996736156093	6.616476316882275	62.43593613565252	66.56670600310609	97.10847074297983	83.44796612850998	-0.6496797186077685	2.0803198995119025	-98.33276229693621	-95.22523087885428	-83.16168790856317	-87.80620832522482	-7.86681720881576	85.57731535528089	-4.005686880403054	84.75370044477252	-31.986748509066743	-27.85600911478152	65.12172223391302	55.60125762423002
0.9	7.769027226967994	6.181965733882177	15.221726990642006	7.411146965731013	11.218955604124746	6.52865122709482	63.030028351564034	67.04522964743178	97.23289049628298	83.41882302334893	-0.6536112389206439	2.08593998311282	-98.35610690740238	-95.23583124867392	-83.13437991676054	-87.82468429006217	-8.03613669671633	85.64666447911488	-3.976660435100122	84.72609033894788	-31.323307169321232	-27.308152286188612	65.90958332696165	56.07781213492442
0.9083333333333333	7.764525689073423	6.121823019275048	15.258268231623191	7.38754594538464	11.181367271853324	6.44248341431185	63.64134380843006	67.52699194138313	97.35759540838086	83.39202457421149	-0.6608119234036204	2.071364203195233	-98.36810814718261	-95.23626970685667	-83.10983991555956	-87.84872376809945	-8.272619074754193	85.70879281258725	-3.9374871094558657	84.70424376408451	-30.649863378982808	-26.764280698356007	66.70773202939795	56.53326607555136
0.9166666666666666	7.751176122250163	6.055292447539246	15.270996094240239	7.343412717550437	11.139359605258795	6.361366059899447	64.26447499170486	67.99190719038548	97.4961675732188	83.35652440712175	-0.6688533788002676	2.0295916984477396	-98.37035149755641	-95.22076165408608	-83.0993554033163	-87.8773489423152	-8.558829911139437	85.76128499142501	-3.880939658711003	84.69280556613093	-29.9742400168702	-26.246894758854665	67.52192755634849	56.930908705072866
0.9249999999999999	7.732197165980829	5.97957075304231	15.253520973622738	7.275712477362291	11.08358040479082	6.287439621920702	64.89219148097013	68.4105771717464	97.6609781781583	83.31350841820989	-0.6780755938516716	1.955553239707268	-98.36627942363798	-95.18461169779374	-83.11275845001535	-87.90889922520293	-8.859056396669603	85.80366114519394	-3.80038169394374	84.69197412087415	-29.304147373835985	-25.78587123861429	68.3568308043222	57.23994967656874
0.9333333333333333	7.707185444714883	5.888107184901292	15.205936488604815	7.182653909434863	11.007928700205925	6.220200153800815	65.5193045810582	68.75939805138565	97.85699383768777	83.2833818113272	-0.6931299410681249	1.8467426399932791	-98.36053302586834	-95.12497898058028	-83.15459653726363	-87.94232507488708	-9.139761481641928	85.83747476253058	-3.691984919712812	84.69815447305203	-28.643220656411287	-25.403258280391608	69.21377318127635	57.458569308065066
0.9416666666666667	7.677649584184502	5.775811237133904	15.131853753645522	7.065333445127527	10.908778703763076	6.1566587265316715	66.14277102731742	69.01454381215466	98.08647450907354	83.29323721888859	-0.715971413857316	1.7036770440437372	-98.35727195924352	-95.04287161578095	-83.22541820559809	-87.97753817343403	-9.382501137298354	85.86580309063898	-3.555358317897374	84.70630096666456	-27.991425882043668	-25.119801354478522	70.09504862702975	57.59595809001216
0.95	7.652952275094781	5.6435363551952555	15.034653528445464	6.930051427894889	10.783380207326259	6.093184607209487	66.75901893038142	69.1436736641595	98.354473403088	83.35884948291663	-0.739090737640891	1.5299541003746517	-98.35886126714583	-94.94445475559557	-83.32420773870045	-88.01440332964152	-9.573939381670366	85.89241205397344	-3.3924937284525107	84.70998002544889	-27.348569015645225	-24.964070729568412	71.00590438744265	57.64651669601967
0.9583333333333334	7.644877495386316	5.494310911272086	14.91848132504727	6.7871628711540595	10.631578749419106	6.0275957163531295	67.36502164016048	69.1166688251049	98.66342292665325	83.48730189050276	-0.7516805448681463	1.3315316275509212	-98.36627334610753	-94.8389379163503	-83.44779202106034	-88.0517750464426	-9.695534942488989	85.9206292295207	-3.207502847724658	84.70203109279336	-26.714349130318887	-24.96285156755797	71.94907379633426	57.603624866883024
0.9666666666666667	7.658595368776844	5.331071699721317	14.78901657210007	6.648415801231512	10.45696800373303	5.960436354496533	67.96089661634507	68.91406828975786	99.00720361031027	83.68862493120444	-0.7488003138741597	1.1171689061096606	-98.37948020555744	-94.73541107882966	-83.59046363345745	-88.08699527829899	-9.73394900080779	85.95256836280967	-3.0041590353045127	84.67857743429943	-26.086535020845314	-25.133483586064745	72.92066858946487	57.48059317093786
0.975	7.6951398557803445	5.162187116078437	14.652275725859724	6.525053703061955	10.26460909285427	5.893621576762741	68.54778876765681	68.5089865542795	99.37624361943607	83.97064193275202	-0.7289903166050956	0.9008309406833614	-98.39795871863313	-94.64172421291568	-83.74568299277348	-88.11667051014842	-9.697091738649235	85.9897079143724	-2.7756449632154627	84.63972874646562	-25.462503317970846	-25.501364894259986	73.91374030146515	57.28963744570746
0.9833333333333333	7.757881253915107	5.0014441789670325	14.515682797339545	6.4243435468677	10.058941868252429	5.826627136300984	69.12468259992708	67.85379575574527	99.76466882102005	84.32664941772343	-0.689576118901901	0.6998069211265094	-98.42259142843707	-94.56356691988258	-83.90690863109756	-88.13922337302543	-9.61599563510108	86.03414950065016	-2.4979004355345626	84.5853839163445	-24.84116789942285	-26.11201175305706	74.92350092159715	57.01889631603299
0.9916666666666667	7.849140940581863	4.859103101678982	14.390095522264927	6.346430960934734	9.844988057443071	5.755480548224311	69.69003383727564	66.90542131499517	100.1695332345096	84.73260905465182	-0.6312795450562165	0.5280782358388643	-98.45675085995498	-94.50259383029707	-84.06665533769007	-88.15616286918983	-9.530030635290029	86.088356604867	-2.1388489373246315	84.51579443154577	-24.221609557857484	-27.006024884175627	75.94792367665207	56.6555112476686
1.0	7.966175637688998	4.740640999861329	14.288377525171931	6.2874894644083215	9.63062754183736	5.677332630833552	70.2449088003942	65.64916349006266	100.5867773186671	85.14695172825148	-0.5607492152331173	0.395876614123862	-98.5044308065141	-94.45683769570589	-84.21605328134214	-88.16934823102149	-9.467201666534729	86.15331917682062	-1.6717890710145704	84.43630821797011	-23.60177202278535	-28.1971043990264	76.98500529588169	56.20731719386079
1.0083333333333333	8.106064430579844	4.653280628508533	14.220070951978748	6.2464695243782025	9.425222953941686	5.594886528246924	70.79158782076308	64.0771280077322	101.01187120408572	85.51273063237927	-0.48276466804086454	0.31394042067979755	-98.5670791736951	-94.42381423150323	-84.34700822171632	-88.1773447068047	-9.43291261566053	86.22776882434209	-1.0819910821143175	84.35587698292278	-22.98064335489503	-29.694405576058625	78.03122784919063	55.68106797483076
1.0166666666666666	8.268136418376004	4.603343275389548	14.18869792966093	6.226198948902587	9.236105964555312	5.515313834765852	71.32952546096554	62.16736067782689	101.44459364163059	85.76538703581481	-0.3973602253759153	0.2895836186827031	-98.64338554675301	-94.40167878036497	-84.454687617092	-88.17547983113947	-9.412051683880174	86.30920641835276	-0.3712995468711724	84.28102382869913	-22.361268120681924	-31.522378849399967	79.08332552094859	55.06668961349444
1.025	8.448648936304027	4.587816395420016	14.195787327518575	6.228568311623315	9.068478702886432	5.445884867188349	71.85601859340704	59.92001996844533	101.88976808676398	85.84033805111928	-0.30764587359540674	0.31844161143057387	-98.73246589104045	-94.38784082361465	-84.53667856352178	-88.15927251169268	-9.38343701793487	86.39484273359186	0.4353788424226745	84.21417145685335	-21.749138673001312	-33.683659471716574	80.1406294137626	54.375490874095846
1.0333333333333332	8.63928282728593	4.597352517587219	14.243641385525418	6.252971737114364	8.92730247811436	5.391308142799764	72.37129689695486	57.407952389128695	102.35172698839898	85.68071860117165	-0.22104786811648186	0.3864173619962235	-98.83468915052666	-94.38001398006683	-84.59104776500115	-88.12704224269335	-9.335847309490935	86.48164975688456	1.2876069633705076	84.15654333348932	-21.14705334616077	-36.10844438699006	81.20467364223813	53.68846403379394
1.0416666666666667	8.83288074075747	4.6274579040688275	14.33149148786733	6.299711279618801	8.816116397508651	5.353672174355373	72.87983720991193	54.75769262029703	102.83122065049962	85.24551087282595	-0.14004546687160552	0.4794411771879765	-98.94880516080917	-94.37946934709848	-84.61731367294179	-88.07975806726672	-9.269949393961124	86.56656992954964	2.1225622025937234	84.10970872726274	-20.55359286053862	-38.67328704510587	82.27762778996092	53.131238919332816
1.05	9.027316564855292	4.678998121916457	14.452897858594858	6.3697175932072545	8.733961864636385	5.332033640049141	73.3864956863044	52.07738878081127	103.3278488365181	84.51606189508897	-0.05941066171929811	0.585287665938977	-99.07154464033798	-94.39029279433105	-84.61864678174307	-88.02057520095757	-9.18581794575263	86.64739135362063	2.888966670259518	84.07399452494205	-19.966112960075147	-41.27230156029503	83.36173587644286	52.79008701296483
1.0583333333333333	9.222709167138952	4.745522468596698	14.599246080149394	6.458433867451958	8.675316683477575	5.3209459490486335	73.8938400438346	49.44015074768936	103.84035285590652	83.49533766691992	0.024581056096669024	0.6857144288776273	-99.20044026614141	-94.41399899481686	-84.60119418599199	-87.95556512724201	-9.074584498731182	86.72348913053052	3.560130100012388	84.04731667829819	-19.382670825635056	-43.8330777998247	84.45768203027139	52.67068491239673
1.0666666666666667	9.415507026847333	4.807481691667541	14.76182573972381	6.553701397271116	8.63274429301773	5.311635034207671	74.40277983179928	46.910319698475135	104.36335084482393	82.2397152965181	0.10644628075333473	0.7546856353396327	-99.33346263864038	-94.44644775501108	-84.57163689891657	-87.89274635765472	-8.924406108952226	86.79561880806581	4.130872273600765	84.02543121682672	-18.801601360135088	-46.29062272626347	85.5617494846888	52.72625660081439
1.075	9.595450480914911	4.844148918027773	14.927919818211787	6.642838329882821	8.598105809252992	5.296819017546428	74.9138155028316	44.525927875100585	104.88733910808618	80.97314777393001	0.17491526608064709	0.7691797055532829	-99.46499190589151	-94.4811973734616	-84.53707208767975	-87.83835904352453	-8.730783141812523	86.86482210306737	4.609381137373643	84.00234287909494	-18.22136239410118	-48.60599805209065	86.66597671398499	52.919109894877664
1.0833333333333333	9.749838945282418	4.8461610707829825	15.079877290314712	6.718529424107659	8.562979241941552	5.2732165426845	75.42891628018354	42.30078807619404	105.40148920446852	80.16780188202956	0.2224383446682309	0.7200267160441955	-99.5855461647972	-94.51396108565233	-84.50566887448255	-87.79543166151466	-8.504040567627435	86.931351883576	5.008690815801966	83.97227265031209	-17.639731836240585	-50.76530665685829	87.76175736822793	53.2658780729658
1.0916666666666666	9.871764716927306	4.814114314812084	15.20309303634611	6.775702297245589	8.520869509898857	5.238951496812992	75.95429339266397	40.26967773413856	105.89494719795502	80.49193459844683	0.24996247467391228	0.6126005736652188	-99.68762816531346	-94.54215539702561	-84.48453512896744	-87.76645309976796	-8.270761921721636	86.9945953611338	5.337078351083316	83.9322338937884	-17.051111246202332	-52.73458259024073	88.84383595175267	53.794884954175245
1.1	9.962760385205312	4.753164352983148	15.291964379589126	6.808771338854705	8.468468377796153	5.191534346666696	76.49967664369775	38.46995912391752	106.35952621731623	82.684407112428	0.2639895755743733	0.46198188312328015	-99.76947361117298	-94.56321436178776	-84.47750923158395	-87.75444302293347	-8.063800759127556	87.05402239061998	5.591037272891315	83.88200023138397	-16.44630096568233	-54.47721453431824	89.91322525163388	54.48650620413671
1.1083333333333334	10.028230648323252	4.67285829237786	15.344702341888805	6.816275163985786	8.40339407213926	5.129812142523847	77.07225658893542	36.87855937331175	106.79436627169825	87.35445958746453	0.27327833397700485	0.28864834423508645	-99.8311359106536	-94.57629014467676	-84.4864335687649	-87.76001498069935	-7.911266616325704	87.11017235909591	5.75832967665213	83.82303849016292	-15.817571051968686	-56.01596361513822	90.97679521972952	55.3326518918066
1.1166666666666667	10.072781226751998	4.585188427578584	15.356303525825796	6.803663128085848	8.321290780757765	5.055984148943277	77.67208085496104	35.41384559152098	107.20551287791972	94.82001480841748	0.28711575575540715	0.11345790423624574	-99.87031384921588	-94.58297919713439	-84.51401032339017	-87.77931606906134	-7.838158611781788	87.16469889585213	5.82958395595548	83.7585228679593	-15.163220249186805	-57.43101886933783	92.04229262873285	56.40397469000103
1.125	10.099855644642188	4.4991694437389995	15.321004074341404	6.77781982269403	8.216251483362452	4.97432389490176	78.29399556105179	34.003744008120954	107.59984860599496	105.16324186191297	0.3112685986172701	-0.04598667937116717	-99.88528421539979	-94.58402620254131	-84.56428014105845	-87.80620637986189	-7.869072963074426	87.21946837557913	5.806982956909015	83.69246593307993	-14.486536063369034	-58.79274333564879	93.11331254262585	57.770120468247356
1.1333333333333333	10.115041889508666	4.42071943848126	15.240235158833759	6.742276863083199	8.085024040914542	4.888869866575752	78.93103647953001	32.63577991326478	107.98137263327168	118.37587262861463	0.3466019042974403	-0.17393966853450857	-99.87963492438813	-94.57782889964358	-84.6393997655544	-87.83555203657497	-8.019513873881946	87.27557619353107	5.706216741527675	83.62808064268998	-13.793387326938854	-60.11256807315005	94.18798530633272	59.40435940384211
1.1416666666666666	10.127681150116205	4.3559669466341795	15.125696083929215	6.700655045707618	7.9310887035804996	4.803475729194999	79.5741204970508	31.351594036938554	108.35210652823055	134.4309073028436	0.39255461236972533	-0.25720874012392625	-99.86141425856974	-94.5639836665328	-84.73571817464057	-87.86332862083859	-8.285554236830103	87.33319312177896	5.555247908786863	83.56874017111903	-13.092686381170173	-61.34856484361832	95.25942014706027	61.213181357531056
1.15	10.144917679042806	4.310215160974765	14.994921643780708	6.6611526104109124	7.763921069798214	4.722494478364906	80.21176353562176	30.225489813773915	108.71385930109734	153.25714958337906	0.4461551531408794	-0.2919008276717317	-99.83846121626873	-94.5461155885045	-84.84353957248807	-87.88496297810516	-8.641811753554116	87.39253935771377	5.388269060731232	83.51935451827961	-12.395697106664429	-62.425845204567786	96.31816219443284	63.09420221837275
1.1583333333333332	10.163031551454065	4.284975248865258	14.86365904302723	6.633042393690661	7.5934649333136495	4.648653313040454	80.8335962722071	29.350190084016937	109.06954432516922	174.61905504605923	0.49589090550989945	-0.28593158097600724	-99.815282354452	-94.52947351322773	-84.95162331142481	-87.89643111954652	-9.048337407905384	87.45491175526162	5.233799263643479	83.483367310087	-11.71149197253126	-63.24968354699751	97.35805235263794	64.93433548925243
1.1666666666666667	10.16818904411211	4.277494826746663	14.739913595301147	6.6199716712958425	7.425424420478041	4.580773973513441	81.43385170706337	28.805995367562204	109.42256241346573	197.9877136342331	0.5226404905594328	-0.25342690335179335	-99.79249849525016	-94.51720270696099	-85.05258489994907	-87.89723103567249	-9.461653237353293	87.52199067957298	5.105294049795365	83.46012503429695	-11.044157613363645	-63.736949639052334	98.37840480010212	66.60887053275553
1.175	10.146675524309664	4.2821291435629725	14.622646904109398	6.6198359764168115	7.2612699737391475	4.5152728992278925	82.01075246734077	28.636581052203884	109.77297947140782	222.5345672473214	0.5104748526054648	-0.21032129998434834	-99.76740728316047	-94.51058888055937	-85.14476037905114	-87.89075290414796	-9.841642888647442	87.59396964720985	5.001803697526908	83.4485455012705	-10.39527788544941	-63.84207779036624	99.3777015859585	68.02254891993148
1.1833333333333333	10.093045976288684	4.292408345335929	14.506091034648009	6.628964863469984	7.100267629504217	4.448704820910718	82.56458907578723	28.889631952767083	110.1158416079264	247.3437800747585	0.45585605096945814	-0.1725368459610269	-99.73654832631925	-94.51098061279897	-85.2304572916713	-87.88201574933271	-10.15260327046409	87.66927507882464	4.9150861495497296	83.45075454507626	-9.766135845388172	-63.5166189417673	100.34970576253835	69.11950908519162
1.1916666666666667	10.013221877292917	4.303195123654183	14.387555111702687	6.642061234142369	6.940897203010471	4.377366870155121	83.09873530995122	29.6745624593611	110.44485359493231	271.7488758728587	0.3686709625749993	-0.1503163822255559	-99.70031705067224	-94.51835000949065	-85.31276193896959	-87.8762887753506	-10.365363095515187	87.74634085802009	4.83664939059865	83.46824596877944	-9.154923832028746	-62.64968031287408	101.28992976290367	69.82791136817599
1.2	9.923793046138659	4.312651266945822	14.270999238327875	6.650625433616034	6.782015696594549	4.29627090384722	83.6216020678857	31.138902498674508	110.7546390940462	295.55689887789737	0.2681052116010661	-0.14332869418034414	-99.66430669307697	-94.52967595486987	-85.39330745474913	-87.87905052125508	-10.465837648060843	87.8246768486565	4.763413206416908	83.49701047151548	-8.553721083457916	-61.09045708552775	102.20091801058835	70.04820483266555
1.2083333333333333	9.843601102608414	4.323182071806283	14.162384098768326	6.648135441918013	6.624077053409046	4.202038824808897	84.14545945082176	33.38595116420053	111.03777683046914	319.08256823672986	0.17504014689210795	-0.14479803445094977	-99.6344759046585	-94.54226672654968	-85.47209180589023	-87.89413128463211	-10.460700692502359	87.9038311407009	4.701817549567305	83.5312280699586	-7.95070940847746	-58.73168520140676	103.08706742199175	69.73808331464689
1.2166666666666666	9.783211519666363	4.338639674011887	14.065206040459733	6.636317271861309	6.4700979607103575	4.09669020243482	84.68228537170509	36.43514442404207	111.28380169812422	342.9920424886656	0.10267474205099443	-0.1502524195921724	-99.61272192954853	-94.55724665357744	-85.54751588908887	-87.92092938171601	-10.368881636444904	87.98238615020095	4.666509349205437	83.56894295684805	-7.335328478094102	-55.55046627888459	103.9484732200302	68.97079682544943
1.225	9.742405139488339	4.360911889562582	13.981723274308274	6.6226134369654615	6.3244101868135685	3.9856599238283854	85.23952434248764	40.259921873293955	111.48409178363565	367.9438822601114	0.051367331627544206	-0.16010138031768523	-99.59821897278998	-94.57787140633235	-85.6164956984818	-87.9552579693664	-10.21054866304625	88.05909411470482	4.670742406259996	83.60891377674756	-6.701381542807699	-51.5696176351858	104.78271024082804	67.88143972460969
1.2333333333333334	9.714038887239585	4.3912477881213965	13.914451945744096	6.614070313501058	6.189552120900047	3.872546083704049	85.81880088747677	44.8198523808764	111.63668828390001	394.2039371123825	0.011550385908521463	-0.17567474986055623	-99.59026694836496	-94.60691163891201	-85.67581500262098	-87.99284132541025	-10.004841777234269	88.13463287647917	4.716794156058177	83.64618344334876	-6.046566236044237	-46.824354003243215	105.59012204785587	66.5979897580494
1.2416666666666667	9.689204177201828	4.432123244348617	13.864851829418024	6.616567453251195	6.06554658076185	3.758089923430747	86.41786847127128	50.029559566425114	111.74761856245824	421.4894632897296	-0.0280636499833175	-0.1979497949738872	-99.58819304264928	-94.64739597514561	-85.7233412132314	-88.03082852189364	-9.768043550046665	88.21111220600697	4.798363919999668	83.67657746988615	-5.371019322721966	-41.39467714127662	106.3765992397364	65.2424424447812
1.25	9.660587816146927	4.486425676462619	13.831740219219919	6.636176487224254	5.951604887791508	3.6431688218296405	87.03257023247849	55.762352842046816	111.82887117764818	449.10348961565813	-0.0744663647424462	-0.22868275377102124	-99.59022853626644	-94.70314384461972	-85.75848831704666	-88.06696735739467	-9.509186404004963	88.28990679516207	4.910021227579846	83.70193785604712	-4.677522972359702	-35.40503300651966	107.15134820528858	63.93517689916699
1.2583333333333333	9.621695180450116	4.5558352448658415	13.811518448157672	6.676077477098226	5.846650611513043	3.52955280873792	87.65693447412546	61.931699470885604	111.89367622427405	476.15901543206587	-0.1318787541961992	-0.26882813573037506	-99.59407625998819	-94.77578989746613	-85.78255781183063	-88.09971242036715	-9.228932829666693	88.37079157665656	5.050475590198526	83.72733950930514	-3.9722739492182773	-28.945152595474816	107.92140227505587	62.75719981239443
1.2666666666666666	9.565380310885134	4.637912253649532	13.800825850993036	6.733710761466398	5.749741305162243	3.4183614765552197	88.28397812649695	68.51396700160076	111.95311430147031	501.6489237361974	-0.20581571606607643	-0.31930429245016756	-99.59858331306552	-94.86291930859726	-85.79775746207258	-88.12920854713022	-8.922852330305608	88.4525012327654	5.221084393369085	83.75772946963336	-3.2635206407379886	-22.048526695971237	108.68959366073238	61.7347431148116
1.275	9.487718857968922	4.724721177751444	13.798576009511907	6.80452497103822	5.661668654958096	3.311340985555645	88.90861967871408	75.44245051136724	112.01456049794139	524.4740455171301	-0.29956849099893434	-0.3844268172413741	-99.60415699285508	-94.96051848652003	-85.80558098334326	-88.15599351548131	-8.586740839477242	88.53275036169885	5.425463980855627	83.80037945601522	-2.5586299595874182	-14.800424794108723	109.455930538354	60.87663533895347
1.2833333333333332	9.392447690659537	4.805505147422658	13.804087537404467	6.885332540936982	5.583868534576698	3.212215731281248	89.52874951502162	82.52316279503803	112.07876522748239	543.6817479780992	-0.40783565600504285	-0.47044514094658896	-99.61167804440068	-95.06467129937255	-85.80759050699633	-88.17933875843522	-8.22152329529176	88.60854095842718	5.665940464564675	83.86414902439928	-1.8627095265515348	-7.424056480260445	110.21605570093087	60.20409284165474
1.2916666666666667	9.285439273953488	4.869316626344064	13.815545329355219	6.97137482266445	5.514938959127303	3.1232932088255394	90.14260014663869	89.49692128726082	112.13866966443378	558.7621674201678	-0.5228599313241882	-0.5810154724580348	-99.62263988397649	-95.17021512507408	-85.80709455462139	-88.19884030240941	-7.836631038204162	88.67796648625152	5.93703607041734	83.95052176886927	-1.1794333671101243	-0.21895711966574827	110.95923629732366	59.734579893798525
1.3	9.167382385950795	4.907097580631664	13.832466629853437	7.054901717098651	5.450442515363826	3.0427635676663636	90.74614456273406	96.13010870766007	112.18442125472421	569.7230772444102	-0.6459030902643625	-0.714657786796599	-99.64068909536414	-95.27089769582462	-85.8082224655108	-88.21599597872581	-7.4493231532423385	88.74133501912554	6.224126353271524	84.05040507897934	-0.5125204181407111	6.538429625780831	111.67190083658352	59.46384237708177
1.3083333333333333	9.037792196854088	4.915013813776493	13.857726984344882	7.13060735226819	5.386556781513636	2.9678260095877773	91.33339554654027	102.22801762830062	112.21019991884803	576.9731783981744	-0.7844883834522636	-0.8648600294311756	-99.67103190143023	-95.36271729228412	-85.8133049170854	-88.23210994001583	-7.075522380684472	88.80013830140109	6.508072035349458	84.1536519826963	0.133533847941064	12.634311036523698	112.3437337667891	59.374536283884055
1.3166666666666667	8.900522656508825	4.895823749662072	13.895423630190136	7.1999576699390015	5.322626803554704	2.8979553418612265	91.89902706126631	107.63892700490885	112.21563941690566	581.1447651150133	-0.9418998861226937	-1.0234328362034464	-99.71697537380285	-95.44621415129042	-85.82155174361276	-88.24625648135138	-6.718619241353187	88.85582145283266	6.771457568635861	84.2564850543649	0.7548485140986683	17.938988224015972	112.97048793100433	59.443309871702496
1.325	8.760333153360467	4.856502979692195	13.94710247173396	7.267409928762433	5.259791155188704	2.833051423141367	92.44048533112607	112.2801999518793	112.20177664874164	582.9271203693477	-1.1157428365040467	-1.1841737090987772	-99.77743404453896	-95.52444645316238	-85.83033157280498	-88.25703652439996	-6.372306870417905	88.90987727200641	7.003626198131011	84.3584647953981	1.350362603132208	22.414451556711057	113.55213925187384	59.638735653828
1.3333333333333333	8.61963728837765	4.8040825157591165	14.010070264854425	7.334172674794413	5.198272519844791	2.7710961463893424	92.95829632822095	116.14024078219818	112.1673730127734	582.9686638158182	-1.301403865308339	-1.343385654620985	-99.84785913118041	-95.59900137641411	-85.83778886632594	-88.26482870161978	-6.035933632359545	88.96393861382937	7.200376351738864	84.4589729945167	1.9222349420500666	26.089184465690337	114.08960795482345	59.925015641975875
1.3416666666666666	8.482737117408401	4.743787810990144	14.078412545673382	7.397544157471114	5.137185575055632	2.7099034485867737	93.45720301540771	119.26330538824963	112.10839251230676	581.8334185425679	-1.4903211900272095	-1.4986068298092092	-99.92260218631839	-95.66873782735514	-85.84418964064496	-88.27119366988417	-5.722436482609868	89.01862478429952	7.3568985193145275	84.55980361087974	2.4758277997069795	29.034286529532377	114.58422031201374	60.2687110530126
1.35	8.358608344012268	4.680834169762706	14.145507158464545	7.454151188661267	5.0762354922811115	2.649011203609697	93.94646980658952	121.7408196559397	112.01924360273154	579.9725357044264	-1.6690258751906457	-1.6470966509952443	-99.9965313912843	-95.73193572648174	-85.85102423281971	-88.27778453782064	-5.451642245701328	89.07274027489927	7.464081008550018	84.66699930532289	3.0192100814885863	31.35626728711066	115.03845368422014	60.64093800262416
1.3583333333333334	8.255053029678942	4.621695160091145	14.20608249056514	7.500696120537043	5.015770776273075	2.5874420537609053	94.43464639397531	123.6830472307837	111.89606372369187	577.732610461908	-1.8258077537781743	-1.784897012922744	-100.06562472599221	-95.78787137629037	-85.85954223542706	-88.2871752557535	-5.240110945991414	89.12468698829996	7.516695184281751	84.78664748880425	3.559333382275115	33.17238530537518	115.45539710596705	61.01872644387747
1.3666666666666667	8.17278388788534	4.574054577991128	14.256452855085799	7.533579235013413	4.955306108022652	2.521259143162669	94.92426940576627	125.18230800512357	111.7392121581743	575.3889281842527	-1.956509668207385	-1.908661961272915	-100.12665433865686	-95.83685782529335	-85.87020148357104	-88.3032785902801	-5.0970568404003815	89.17449240840638	7.52171600033504	84.92132697109322	4.098761814172541	34.57796115293138	115.83797397234694	61.388922870304405
1.375	8.107202830637823	4.545397339616041	14.294178851309661	7.551957097346464	4.893701110111752	2.446170838498015	95.4142048285972	126.32456118660868	111.5505233057922	573.1378732243164	-2.0626083810579874	-2.0196408115055164	-100.176885257307	-95.88091793188183	-85.8827064059973	-88.32896083453551	-5.025637271123566	89.223592483891	7.493626274768289	85.07194952541575	4.637797312488137	35.65952004731533	116.18832061828047	61.7476065994378
1.3833333333333333	8.052277828363206	4.539117929696884	14.318582325307586	7.559240027477458	4.831077477730485	2.3614064516871376	95.9046272846601	127.21735814867922	111.33062014635665	571.0757376807186	-2.1479040109877436	-2.123748912682208	-100.21451298873497	-95.92324858760907	-85.89593066342734	-88.36400856013174	-5.025064750131638	89.27299185884218	7.44338740075368	85.23833687343144	5.1776191435022705	36.52235315439405	116.50823928985905	62.09473839621825
1.3916666666666666	8.00159625168732	4.55364056992293	14.33144282875178	7.558842370758537	4.769533653584211	2.2690482466423054	96.39649499670274	127.96828616184423	111.08284654255608	569.2304744674146	-2.2184183984757575	-2.2263357306464404	-100.23951533794859	-95.96551199233822	-85.9080725091968	-88.40666962157981	-5.091559071710099	89.32239383721897	7.37654010284038	85.41626368410707	5.718888833921761	37.26921249275529	116.80173537647794	62.43024585074309
1.4	7.9505420033394225	4.58666223247475	14.336374085381982	7.551625986378804	4.711796324830167	2.1719393004377774	96.88822540161952	128.6540086618805	110.81845105793376	567.6031271057958	-2.280861612124149	-2.3297061085969935	-100.2542211688453	-96.00721809711656	-85.91784708346334	-88.45559211073787	-5.218372092400764	89.37035659170647	7.3022908902920545	85.5985615360766	6.2585819933260725	37.970328820728476	117.07703305125992	62.75056834746014
1.4083333333333332	7.900428509235198	4.6369958005496	14.336866677468091	7.539461911462095	4.660069534694876	2.0743665205547703	97.37661708414032	129.32669987476686	110.55466125300353	566.1756061050179	-2.337518296623296	-2.4361354292554855	-100.26227654408734	-96.04837853785148	-85.92540986661929	-88.50891662638945	-5.395152596845924	89.41452059868584	7.237455456640409	85.78129979493542	6.791137682826249	38.67063684319758	117.34579893582985	63.0496067259086
1.4166666666666667	7.859101333261574	4.702580877377371	14.335575073793283	7.528223725588447	4.616197767275593	1.982616374041861	97.85967974654866	130.01887180787674	110.30882544432806	564.9234101866406	-2.3838921223236844	-2.5482980007159615	-100.26685817273989	-96.0910356840575	-85.93128309894666	-88.5628119584691	-5.606722346865614	89.45251913377778	7.199119206735066	85.96554939880517	7.312198880326546	39.3958649682956	117.62102432465466	63.3251568268732
1.425	7.836458808146603	4.781432318864545	14.336269115604969	7.524900171334192	4.581394003648267	1.9021169620163623	98.3357145996248	130.72663720980833	110.09611581730672	563.8420988303895	-2.4138472415302927	-2.6636026829001964	-100.27132114939211	-96.13765789657363	-85.93505203378724	-88.61275772523946	-5.834328596544682	89.48355396256459	7.197943941605137	86.15153034556415	7.819268562189444	40.137562682593014	117.9153843794962	63.58010023789779
1.4333333333333333	7.839662310874357	4.873634217563311	14.34398541453349	7.533079007700772	4.554510168562756	1.8336172782976556	98.80269462512041	131.41291736261385	109.92707477350473	562.9475694994558	-2.425633869307082	-2.7697158778414463	-100.28044153919384	-96.18980375917823	-85.9364561246605	-88.6567247514775	-6.0627453865668475	89.5090337067769	7.236883866297749	86.3356252252701	8.311728331897353	40.85701538320326	118.23880310540207	63.81844182857615
1.4416666666666667	7.872380268453892	4.978618420012645	14.360511654754394	7.553038836039591	4.530686311552597	1.7731878764567317	99.26144118443112	132.03687308985613	109.80160785583219	562.252245762197	-2.4204001351009405	-2.847574243531634	-100.29820410635347	-96.24916035689976	-85.93769245159925	-88.6961215208602	-6.28505352035076	89.53162123684837	7.310899943000219	86.5145058100175	8.793062421279506	41.51370894042842	118.59467027711167	64.04384488400133
1.45	7.936404237317573	5.09320482701334	14.38199939103267	7.583835979480414	4.502571199148728	1.7152929597777962	99.71653861638866	132.57133952322374	109.7085947676668	561.7516332102653	-2.3981757958979673	-2.879235049413476	-100.32546535459302	-96.31781865628852	-85.94346596356051	-88.73398267680814	-6.495821639407256	89.55396283729098	7.408157033498142	86.6873508208429	9.270501453679671	42.0814279844592	118.97909622134642	64.2579656173628
1.4583333333333333	8.032286868888734	5.215804252538483	14.40369664840406	7.622572125873532	4.463575897883998	1.6544588294263887	100.17203166944255	133.00348483873736	109.63462389361693	561.424836439662	-2.358888109646662	-2.854353503997012	-100.36171004236043	-96.39613382271942	-85.95801339395652	-88.7735616968459	-6.682986684644379	89.57841070815971	7.515159956481646	86.85327208597158	9.750442377602297	42.54854354456117	119.38506627121916	64.45843817321276
1.4666666666666666	8.159028866391328	5.3495827006650964	14.425643224786675	7.664471070895402	4.410187626508042	1.5854376635669822	100.62722668363978	133.33423936772616	109.57092332969151	561.2409601866539	-2.305155980633707	-2.7737353858299447	-100.40768358117334	-96.48186524617037	-85.9820403563868	-88.81739417527498	-6.831826601513315	89.60777201710538	7.621365939706735	87.00937496567866	10.234998700745155	42.91808720488556	119.80592203043658	64.64371888738069
1.475	8.31291877963451	5.496616286068939	14.450989003451177	7.705463755324576	4.341091425623937	1.503604679292683	101.0766851246809	133.57928339225214	109.51176944838245	561.1656015281194	-2.2420123178895315	-2.6500421843695463	-100.46416335720886	-96.5719064911847	-86.0131743537578	-88.86644273586015	-6.932409810907477	89.6457342206185	7.719059791139378	87.15221829253633	10.722419345299354	43.20906189352168	120.23418879368174	64.82015157191871
1.4833333333333334	8.486464520305224	5.6497483464134755	14.479367664232404	7.7420260235778455	4.254770396889447	1.4053394283234895	101.51289265762331	133.7661195200822	109.45209897544262	561.1632460736304	-2.1744659826640156	-2.502490581425635	-100.52872697876955	-96.66269442176235	-86.04935931453724	-88.92066839818456	-6.978406444567859	89.69587028857353	7.802133749474153	87.28082031190824	11.20876294619678	43.452426451944746	120.66086192163937	65.00024277140297
1.4916666666666667	8.66908341091083	5.794256596579575	14.50616577169652	7.76835950848107	4.149644556019208	1.288435759476153	101.92885961400484	133.9189422861051	109.39073413112823	561.2046351017865	-2.107061296571046	-2.3477747486817586	-100.59634632650189	-96.74839227337924	-86.09018055480547	-88.98003276489825	-6.965013618540028	89.76017488917553	7.86807019696769	87.39795314269178	11.68903450318031	43.674421827734704	121.07976863430854	65.19366352430669
1.5	8.847958549652489	5.91605924689943	14.5277092036802	7.776590063469031	4.026644712318992	1.1529522519141768	102.3198360344094	134.05324061690965	109.3308835692395	561.2638866169468	-2.046101532059336	-2.1958998293014416	-100.66287926496727	-96.82105672714452	-86.1351700612872	-89.0444666636756	-6.890789626915015	89.838185226394	7.9223297705210065	87.50939835912945	12.158021260803338	43.89022979444786	121.48890483004286	65.39857827396798
1.5083333333333333	9.009473495525745	6.006157330131881	14.542211182976658	7.761495681199627	3.889832662996903	1.0020356150274328	102.68477619922069	134.19991314833624	109.27250443373674	561.292422196536	-1.999151130103776	-2.052460825523288	-100.72566137391769	-96.87474062973065	-86.18345019094119	-89.11324494853116	-6.759009103532666	89.92671714606212	7.977529441651579	87.62222150374488	12.611493345282703	44.12777460888521	121.88399777901947	65.60003276829332
1.5166666666666666	9.144307249276869	6.06157635993405	14.547172158877759	7.724236387761648	3.744063325166938	0.8411147914999145	103.02756235897354	134.41437046453194	109.20822004989172	561.2153658284575	-1.970646605582004	-1.9215178316339745	-100.78227535588046	-96.90899423839639	-86.23510319700287	-89.18475785063488	-6.582202847870436	90.0208334778304	8.043026796332637	87.74182200242883	13.04839583680382	44.437757325734	122.25661588669557	65.77706435135599
1.525	9.251348971637846	6.085150810043732	14.540684727825493	7.669340544088199	3.593473086889048	0.6748196496273646	103.35563340297449	134.73975280272225	109.13065051865858	560.9737721652975	-1.9597422374953013	-1.8059486381761387	-100.83119577484132	-96.92698007479665	-86.29051104701598	-89.25763953070859	-6.384394631019916	90.11601586609515	8.116429706916426	87.8702058608031	13.471649269069514	44.859020638558846	122.60229978772813	65.91092918158044
1.5333333333333332	9.33293042278889	6.081746715847344	14.52320189941071	7.598735549935946	3.442337703217132	0.5046550399309357	103.67677207648468	135.17719185862325	109.03922166802982	560.5587671722778	-1.9627874472848486	-1.7067729305843407	-100.87162126108379	-96.93154369486024	-86.34841936167322	-89.33280814492443	-6.192880518304031	90.20924293510984	8.186186386403683	88.00844698956779	13.886015011594356	45.38987356092875	122.9252366796242	65.99112315378133
1.5416666666666667	9.386957132592809	6.053907821524355	14.494328313266333	7.511666712812165	3.295038723918473	0.3302689959061895	103.9974572676185	135.70652562326993	108.93582902567717	559.9948587703254	-1.9760631251039387	-1.6240941076457496	-100.90125097514365	-96.92535681232232	-86.40692266187745	-89.41369009951026	-6.030074813143336	90.29803861420427	8.23844507429949	88.15923353583452	14.295495881822589	46.00784655942969	123.23132490749977	66.01890827014451
1.55	9.40669096329594	6.003446429733504	14.450721550141985	7.410282391459961	3.1539880335605	0.15250494476114834	104.3209572295711	136.31762107146378	108.8199652196861	559.304275931276	-1.9965860514615996	-1.5593459776899912	-100.91683412731533	-96.91348219941628	-86.46611257717345	-89.5031998079564	-5.9117649822284255	90.37989938926627	8.263833467751672	88.32481204266536	14.700856618837191	46.70043876600317	123.52082183852332	66.00276161433219
1.5583333333333333	9.387899349746698	5.935650515981547	14.390235294483812	7.302224025517882	3.0190932938239667	-0.02508027261969662	104.64554065080785	137.00746275248824	108.69235236275509	558.4996003310955	-2.0222892563396155	-1.5159561227653706	-100.9180159653714	-96.9028216763989	-86.52778067088767	-89.60059765088111	-5.846687461994324	90.45312603528859	8.263930606731737	88.50373675122773	15.098666686096257	47.46303919282433	123.79101904885138	65.94919894539619
1.5666666666666667	9.334976725355862	5.85845923251171	14.315359413774722	7.1975898120989275	2.8892999795268706	-0.19692005111245403	104.96695731998958	137.76680860556255	108.557998600143	557.5936937990932	-2.0509106171999854	-1.4977520055470015	-100.90871612413096	-96.89904466817595	-86.59335671035632	-89.70145485607708	-5.837352772240029	90.51734331011703	8.251666181900594	88.69122486643909	15.484300630106427	48.286105382676325	124.04229923024948	65.86007080849683
1.575	9.260128733355597	5.778531839413519	14.229619422475858	7.105412890151048	2.762774779312607	-0.35712288535131664	105.28194683065577	138.5889466916526	108.42360071547391	556.5961038308495	-2.0787791476472326	-1.5069644233322514	-100.8938113542775	-96.90528412238784	-86.66419193180171	-89.79987123223681	-5.882727582150133	90.57303328888588	8.245543110504324	88.88192403474464	15.854980119541484	49.1634578067848	124.27858083501548	65.73738542605786
1.5833333333333333	9.178116986680825	5.699122445893156	14.133897211771679	7.031697231625005	2.636597352796346	-0.5012649708840599	105.58769126799345	139.47477207125922	108.29442264102802	555.5139543290476	-2.1019438708521325	-1.5432697156041393	-100.876113505298	-96.92237970477905	-86.74221629352635	-89.89068247315403	-5.979578593010851	90.62118635367749	8.265422560602767	89.07112473372763	16.20887762167075	50.09701247935715	124.50330026269887	65.58900216382287
1.5916666666666666	9.102049506513007	5.619423514622333	14.030421526711335	6.978206634108993	2.5088062703229044	-0.6276911984636724	105.87882627123314	140.40789041949023	108.1741808630238	554.3782408579959	-2.11823943510714	-1.6038515213082514	-100.8578130237737	-96.94852683438994	-86.8273914970624	-89.97032020028092	-6.121778956875124	90.6638022326149	8.3299467397587	89.25422942509833	16.542628503847833	51.07239024397222	124.71680936687174	65.43056664215017
1.6	9.039924180558158	5.535282077560873	13.927424708729813	6.943691385394541	2.380674032440337	-0.7372524627573714	106.14720832196399	141.33770958386728	108.066415242384	553.2568857028185	-2.129375844671796	-1.6840864000845126	-100.84263197494843	-96.9800636206878	-86.91520726621864	-90.03637223529324	-6.299903184981526	90.70411870134122	8.45015864437249	89.42698929030949	16.851327023305004	52.04224121929883	124.9177422656891	65.28189299624582
1.6083333333333334	8.992717182273468	5.44205198124002	13.836164746396802	6.927086988469384	2.2559356670458848	-0.8317652167910136	106.386233874796	142.20412286584613	107.97303859988126	552.2247349376601	-2.1408992771393516	-1.7791775789902895	-100.83478271517467	-97.01433647524946	-86.99861796877789	-90.08724948678008	-6.504174126163029	90.74544636417642	8.623534746303628	89.58601272102929	17.131680238972226	52.94976642598479	125.10471883885354	65.16046726600692
1.6166666666666667	8.958364881817266	5.338019987108013	13.765170375762109	6.927743883635731	2.137765427619611	-0.9132080639107223	106.59476779739626	142.96847942479752	107.8920740047885	551.3303241889134	-2.157309691669962	-1.8854785587156802	-100.83771872386778	-97.05064145982381	-87.07254834810567	-90.12289757618811	-6.730744600949487	90.7896862242749	8.836202731803551	89.72865310221813	17.38445402167098	53.75820863962002	125.27652802645947	65.0776783533075
1.625	8.937236997683902	5.226158097374986	13.718796423119365	6.94259265880653	2.026901262309961	-0.9837002932960799	106.77712117558434	143.61536942816738	107.81989409702857	550.5931433503474	-2.177701832731139	-1.9989344405270548	-100.85496356459278	-97.08779000570641	-87.13616714147338	-90.14519734689992	-6.981776950419245	90.83693159621681	9.07021460515248	89.85362965480351	17.614052771800996	54.45224166147241	125.43394686882954	65.03744176989404
1.6333333333333333	8.93233252773444	5.1140810298408255	13.698476979038192	6.965831745467068	1.922200541812293	-1.045255914876308	106.94073439610766	144.14288739875047	107.75412840731254	550.0138405669444	-2.197199200756964	-2.1120514702942548	-100.89021366751105	-97.12297235691729	-87.1917366884728	-90.15714061145025	-7.255243411013834	90.88606276971502	9.30888376134157	89.96176027777241	17.826797165822548	55.02882992983335	125.58092557313503	65.03723248693211
1.6416666666666666	8.947937140222413	5.012955357584388	13.701638503306556	6.990991002617371	1.8216006973655594	-1.1000519918329654	107.09343508957892	144.56571744568006	107.69137552526057	549.5768319564058	-2.209829935520217	-2.213737499953376	-100.94477278100175	-97.15358171514113	-87.2431342776951	-90.16259071252378	-7.537087274449433	90.93526502493943	9.539861691842223	90.05542044528478	18.02870011451825	55.500832848436076	125.72007563977878	65.07427038360265
1.65	8.989350788652636	4.934040497798903	13.71990206524992	7.011269089793889	1.7225343592030442	-1.150909048884119	107.241966472183	144.91975160462994	107.62510244849003	549.2480581391623	-2.20923301918232	-2.292605721253856	-101.01516965218242	-97.17786808769563	-87.29526758693241	-90.16659899790174	-7.802471451773881	90.98219805386462	9.755618976713007	90.13817847731842	18.224164526047538	55.90179321079335	125.8492669745375	65.14804027302266
1.6583333333333332	9.05904429154037	4.884206838739013	13.742197917800112	7.019064993341154	1.6233441854865325	-1.2008644531393962	107.39194444166439	145.24282807898666	107.5496699398022	548.9887876867248	-2.191293147691579	-2.3402898315883713	-101.09428996248438	-97.1934773820924	-87.3520920446842	-90.17441238875122	-8.023995222275452	91.02456376982934	9.950810693432002	90.21604094222148	18.41650821149366	56.26724359154395	125.96617815129578	65.25538117172222
1.6666666666666667	9.151985718763541	4.86507249713088	13.759596679275987	7.008329132187664	1.5247116582870999	-1.2518937123922453	107.54784753364156	145.54921400922686	107.46352847907127	548.7794259073282	-2.157996280520927	-2.3530190859896867	-101.1741779929973	-97.19792268724926	-87.41458131372126	-90.18959355506159	-8.182309413127218	91.06070702799174	10.121548719538922	90.29806022884796	18.608554561633216	56.60978994291082	126.07208304070438	65.38936255914514
1.675	9.257680913834651	4.875176559517373	13.765735903332859	6.979088681379331	1.4285989009469429	-1.3033647610545922	107.71280891438823	145.83540753713166	107.3662451799967	548.61859949593	-2.1159388156069197	-2.3327106618371833	-101.24763226976592	-97.19167286673822	-87.48189636643298	-90.2125841853589	-8.268146171873916	91.08950473262017	10.267770310092832	90.39403500060739	18.802313647008326	56.92480271419719	126.1685588270049	65.54404817221494
1.6833333333333333	9.365502547393213	4.910934418003013	13.75692956306669	6.937267645591316	1.336642135462258	-1.3527232849814854	107.8883834483857	146.09591836160982	107.25595182661334	548.5112189398003	-2.072975949936234	-2.2867005559990363	-101.30999590367018	-97.17872954848741	-87.55306634060338	-90.24146190289612	-8.27963190099841	91.11029152393446	10.393279990627644	90.51142980406888	18.998674972320075	57.20612294487909	126.2546267989333	65.71825615119205
1.6916666666666667	9.465927388704245	4.966400897654184	13.735843297196784	6.887999719806414	1.2504970794650923	-1.399184960752944	108.07462963216625	146.31745935288762	107.13202656206774	548.472061544046	-2.0396342671629784	-2.224254299108794	-101.36171715508688	-97.16285991572853	-87.62587385788993	-90.27486019592217	-8.225102026661677	91.12362906264507	10.502144555002353	90.65363652407608	19.198258694811226	57.441022963206265	126.33028525687887	65.91409740502601
1.7	9.5495423212373	5.034121438471158	13.712299711480815	6.832385174338141	1.1725369286744147	-1.4453250918033838	108.27021511552232	146.47491029205392	106.99705219962402	548.5253041863028	-2.0296492649959927	-2.153498612347747	-101.40792087636869	-97.14540437603301	-87.69562116488768	-90.31301920169493	-8.119156691141281	91.13184190643798	10.596252704099783	90.81877605812745	19.402057021960214	57.60670578575655	126.39910922158417	66.13300475755882
1.7083333333333333	9.60903666421928	5.106982001553074	13.69565559661957	6.7713891218137245	1.104378361964435	-1.4945371245460362	108.47211371968461	146.5453952770193	106.85195794212797	548.6921799947305	-2.052523901557543	-2.0816896825541376	-101.4531099183711	-97.12748083284575	-87.75745432175134	-90.35609171103208	-7.968289211845169	91.13816731628432	10.675586069007803	90.99904338741347	19.610281035968832	57.68353212013497	126.46223897809678	66.37661536946646
1.7166666666666666	9.641881608580038	5.179368005480167	13.686414003934493	6.708243258966997	1.0443662343063058	-1.5490059241407956	108.67583320081494	146.52229683397448	106.69277721435819	548.9799458064634	-2.1059061115473003	-2.015480650857826	-101.49648642820057	-97.11155130351827	-87.81007242426593	-90.40330804455132	-7.767731677075878	91.14556134142791	10.740551713069253	91.18213536717396	19.821394542242725	57.66784037311451	126.51417175660094	66.64855816912701
1.7249999999999999	9.648845795755971	5.2461092553983315	13.679048887097105	6.646394527586623	0.9886212421859066	-1.6097545661371429	108.87645066989131	146.4175160489954	106.51688085565459	549.3747317556916	-2.178928658010741	-1.9602185133672814	-101.5341608528267	-97.09984752118667	-87.85511196572949	-90.45345299360011	-7.515824731229985	91.15626679208476	10.796994099878772	91.3547840436424	20.032717461975974	57.573774595400586	126.54959831763063	66.949132137005
1.7333333333333334	9.631964732078202	5.300671616885001	13.671803908766927	6.5875303357779424	0.9351476656300584	-1.6770454630010654	109.07040518324516	146.25431622328648	106.32616063868339	549.8436667709232	-2.260909094898551	-1.920025999469877	-101.56490375861974	-97.09285659030684	-87.89309984985275	-90.50532625452895	-7.227886499047671	91.1717524845174	10.856510815519785	91.50692057949546	20.242157667762434	57.42606725367369	126.56831830644587	67.27021577103349
1.7416666666666667	9.596945733160528	5.3362393292094	13.66839274100392	6.531296051117354	0.8844104223356141	-1.7511534751329525	109.2574869413974	146.0575280076522	106.11947834685633	550.347929397499	-2.3437644287562556	-1.8982475126155087	-101.5914013943181	-97.08994285290453	-87.92300865331413	-90.55864680178722	-6.934786658883943	91.1925809243505	10.928352290274633	91.6343818446026	20.450067865747744	57.25011195045843	126.56954621260415	67.5983920140952
1.75	9.554811911398446	5.349811975893175	13.671135595131783	6.4759380454425175	0.8355490024279447	-1.8329521366986956	109.44017994863225	145.84530648984227	105.88980892060154	550.8553010637725	-2.419427991064521	-1.8975787880109893	-101.61700179946266	-97.09039995441748	-87.94586620433083	-90.61446190897497	-6.66804132986237	91.21858479324146	11.015947544808094	91.73742124920719	20.658764741873515	57.06389692755635	126.54857366247515	67.91943641869024
1.7583333333333333	9.516645423367203	5.345381119351949	13.678292787696497	6.419740115814573	0.78442198265887	-1.9233284159649446	109.62021066704497	145.62600809395582	105.63347763141483	551.3411551822279	-2.4806618252528003	-1.9189353772125624	-101.64411817367004	-97.09341589789814	-87.96582538597349	-90.67367578208354	-6.445235346484686	91.24975263136785	11.123719179445978	91.81655163464733	20.869963298412614	56.8757676005562	126.5034409298275	68.21707007193824
1.7666666666666666	9.487613072170749	5.333298303785901	13.687296329578144	6.362615471209043	0.7259394414056779	-2.0221558644752884	109.79639759663863	145.40368647258947	105.35614387727313	551.7812632877841	-2.524744289269606	-1.9597594631450044	-101.67464213942611	-97.09815203508141	-87.98734580984791	-90.73553656387232	-6.265732416348257	91.28671474874662	11.259714166878044	91.87153239797837	21.08311234538503	56.69040833360713	126.43925622265819	68.471748626668
1.775	9.469640375328124	5.327158370627412	13.695433015484765	6.3064213696390174	0.6570042868207218	-2.1275958852693453	109.96582658446626	145.1802987329532	105.06634682146561	552.1584913096824	-2.5522724445394736	-2.014189737275543	-101.70868149903676	-97.10435488801672	-88.01324848355196	-90.79793351837763	-6.116865287041985	91.32974722962753	11.426342740420028	91.90428870665856	21.29557381409355	56.5100526555234	126.36192063555917	68.6685697077092
1.7833333333333332	9.468982376113665	5.34131539904382	13.698903272649437	6.254504963742506	0.577369759383283	-2.235820133796131	110.12620470157731	144.94257623343339	104.76815477479005	552.4888032467863	-2.561643265246221	-2.0744352198048395	-101.74378987744136	-97.11265271816454	-88.04488660479188	-90.85814775442195	-5.985664754329697	91.37774363582501	11.61384480000581	91.92067736370568	21.503948337402115	56.32032575559694	126.27210311219214	68.80911979944356
1.7916666666666667	9.496952407896908	5.388474838527933	13.694843670810096	6.211118780038767	0.4888514543309092	-2.3419899287069206	110.27630896717747	144.65414180247092	104.46300252535899	552.8281836180711	-2.547991240419414	-2.1324488052421637	-101.77710126207342	-97.12427456010144	-88.08225759126327	-90.9131557800626	-5.863862513940003	91.42889095440597	11.807464858439543	91.92873955474205	21.705199921583233	56.083037653028654	126.16820244694217	68.91119039515024
1.8	9.56209447457762	5.474352274266206	13.682877825899354	6.178795692157409	0.39396387313580655	-2.442776746106975	110.41511913828964	144.2749324743845	104.15199800220554	553.2395448721879	-2.508872106817347	-2.1832229300276764	-101.80698561244394	-97.13968707233109	-88.12410778654451	-90.96089138017359	-5.742181082436371	91.4819283403198	11.995987207915054	91.93696378605668	21.897047478609228	55.756864682473456	126.04904548081471	68.99636725906569
1.8083333333333333	9.663331197356266	5.592485344559514	13.662695105565945	6.155335245899284	0.29472318648771134	-2.5379506781557946	110.54190268340952	143.78883266252865	103.83145188655548	553.7562018430582	-2.4488981280067375	-2.227804491691539	-101.83201927102037	-97.15736392732853	-88.16932416545436	-91.00202868142915	-5.610385878265278	91.53595264805804	12.17147934205789	91.95403381028223	22.077855331467347	55.32478820808975	125.90930721802279	69.08094382929623
1.8166666666666667	9.790277859430043	5.72598069164934	13.632051076816081	6.135187476158339	0.19217268093480716	-2.629094083210095	110.65675098251413	143.21506233160895	103.49311387630792	554.3654177289584	-2.3787332731626742	-2.2712654390843436	-101.85028027916734	-97.17470372824798	-88.21822920235118	-91.03951625208953	-5.468475720538532	91.58959811671411	12.32736601357897	91.9864358271991	22.24634909922801	54.80466249077801	125.7394629755359	69.17003519293561
1.825	9.928802647779746	5.854777400677504	13.59102185097658	6.112948867102079	0.0875679992830541	-2.717576946334703	110.76168750591209	142.60049149832565	103.13345553088145	555.0101524889783	-2.312182444883731	-2.316416332423188	-101.8621722231237	-97.18925619276656	-88.27115037214705	-91.07630732566436	-5.330472345802205	91.64128162857	12.459347980726475	92.03546521512841	22.402969134481857	54.24177445688667	125.53642466536328	69.25188630267078
1.8333333333333333	10.06777651487668	5.961356852956155	13.546383919340373	6.084191725829415	-0.01584382168017895	-2.8042073690592075	110.86185998033795	141.99957817724615	102.7565082215104	555.6163007534076	-2.2611537564866633	-2.360031604587545	-101.87252030522038	-97.19869739344021	-88.32613638587996	-91.11450566761069	-5.214558805620193	91.68970743580033	12.567751274651734	92.09866974632132	22.551567416138052	53.68928637925484	125.30807563764844	69.3055525659095
1.8416666666666666	10.2033912807935	6.033210659167853	13.507382357768122	6.04689621012859	-0.1130314392629583	-2.8891091573305516	110.9640759525635	141.45654991023756	102.36428859756087	556.1321014694581	-2.2269402611815066	-2.394369820470651	-101.88675538113574	-97.20234820170569	-88.37937302336763	-91.15545199157701	-5.134617478841646	91.73365841589545	12.659443497615378	92.17397692378408	22.69773436845871	53.190208669206314	125.06202296601961	69.32228224591329
1.8499999999999999	10.33612806240143	6.064545841820963	13.479268234022936	6.004449339525489	-0.19922963399730953	-2.9707592617255836	111.07370521269371	140.99533762746336	101.95101957056806	556.5532018531878	-2.1982138310793453	-2.4107712403947184	-101.9066170951991	-97.20332610218867	-88.42734886117621	-91.19887676266309	-5.098946060062787	91.77188077282125	12.74617677053521	92.26131401717281	22.845585985514685	52.76721844441932	124.79660555608278	69.3203989259585
1.8583333333333334	10.461476207252463	6.057316321239262	13.462938215659717	5.963480901556108	-0.27184553790465804	-3.04667929002603	111.19382194977652	140.62077815090814	101.51127189653721	556.9132337002898	-2.1625382831238125	-2.40290318106294	-101.93104758985253	-97.20642053139608	-88.46810937419289	-91.24293962983987	-5.109231758383991	91.80373616371195	12.839951541333827	92.36040567469601	22.997558113488164	52.424514163484545	124.5088300100254	69.33773239130323
1.8666666666666667	10.56714732629616	6.01877150053466	13.456482801877119	5.928083235594791	-0.3311437541601531	-3.1151402221173017	111.32632799609742	140.33789265571835	101.04679148523053	557.2442671306607	-2.118325029928679	-2.3696832834989103	-101.9581337100397	-97.21372626078255	-88.50165090816266	-91.28564302518767	-5.15831752387691	91.82949284599766	12.94904550361811	92.46848630353647	23.155820842094766	52.16738523748485	124.2026123273253	69.41164192207816
1.875	10.640573166913624	5.9555741346851665	13.454116792409218	5.898939442974243	-0.3799747594603349	-3.174451983442234	111.47110592884695	140.17299081250832	100.56059839188586	557.5468062864061	-2.0750780135004745	-2.317452162202452	-101.98452811711888	-97.22382344225149	-88.53041132470972	-91.32488399927712	-5.229338784112148	91.84956343475078	13.07717441128802	92.58163129167164	23.320669363597403	52.022553931720495	123.88126775548328	69.56935383491975
1.8833333333333333	10.674575628946066	5.871322334745569	13.447449512194003	5.876561746827231	-0.42226940300287563	-3.221822491767102	111.62469701360496	140.17526329199978	100.05079569926384	557.7876884798164	-2.0462019948880523	-2.2589810355794855	-102.00550327488999	-97.23416428704634	-88.558053762696	-91.35760254021896	-5.298836059826346	91.86421564030702	13.223767037580101	92.69760318121006	23.48891265391167	52.0394786092104	123.53970835317556	69.82716382432677
1.8916666666666666	10.666711472411185	5.769511957684596	13.431508582477003	5.8616229431354325	-0.46014762753595606	-3.2549430625564617	111.78300010381363	140.3965253917169	99.51241237085226	557.919496472242	-2.0425910051101868	-2.2082055660056206	-102.01750998533113	-97.24241596885861	-88.58600140285411	-91.38079302572304	-5.345148210725285	91.87414622468201	13.382742078249915	92.81573096250105	23.657146328495305	52.270671314410684	123.1695586993476	70.19016678427646
1.9	10.617767179058392	5.6552450703916035	13.407271861867388	5.851777565476526	-0.4929464479122797	-3.2746355908725917	111.9443020780758	140.87095582448123	98.94017310197201	557.9039314621126	-2.069712308481126	-2.174097959122383	-102.01951080523197	-97.24570246598518	-88.61223894336453	-91.39392490050852	-5.353421341918813	91.88070750454791	13.544550741462883	92.93504918002833	23.82500958262337	52.75166306483846	122.7651826845954	70.65559505604398
1.9083333333333332	10.532331544330496	5.53591377345693	13.377237197537475	5.841425268278771	-0.5199602802547855	-3.2853259632180647	112.10819752385562	141.61485415306163	98.32706101596983	557.7146783174907	-2.1269202405831478	-2.1573081463231243	-102.0114682643674	-97.24101948988442	-88.63423106682987	-91.39959422160553	-5.312489177109593	91.88572921342508	13.701949066321674	93.05443755487731	23.99392673728039	53.50058314776088	122.32098775325026	71.21526293405066
1.9166666666666667	10.419953033690591	5.423290009603079	13.34276077740565	5.826567472087427	-0.5428364149807493	-3.2925238428347163	112.27372727128329	142.62106372435727	97.6623260625917	557.3399705106949	-2.2081321436802934	-2.150395287369037	-101.99413410802356	-97.227626327241	-88.65137333061784	-91.40105885515345	-5.216546397432101	91.89146308436304	13.851466979591613	93.17368663213576	24.165190355646033	54.51252663672441	121.82751641823778	71.85249910090667
1.925	10.29222924315335	5.331212157023831	13.306747500135016	5.807744072120931	-0.5645912260629787	-3.3001805271276208	112.44035314443636	143.8289165901632	96.93518840521725	556.8068881707883	-2.3050656842560002	-2.1419878871230362	-101.97101097507051	-97.20759549846377	-88.66426347493542	-91.39985142634274	-5.073342660303088	91.90032775112766	13.992231799428327	93.29420180223948	24.34068089556374	55.72924421308231	121.27586930078103	72.5361344912831
1.9333333333333333	10.156492409838346	5.2677850524210195	13.27401852991574	5.787445476589674	-0.5874610630528563	-3.3101113501202004	112.61058050997737	145.10504021586752	96.13871169062834	556.1956379702991	-2.4115832953307805	-2.123518747611537	-101.9476053230059	-97.18368167060387	-88.6735867930901	-91.39623619401408	-4.903070397897855	91.91387426996283	14.126131526520355	93.41966487392143	24.524454779939965	57.0189143960043	120.66316647056836	73.21455440314023
1.9416666666666667	10.014141486341014	5.2297944660223665	13.24596773108489	5.767003892378781	-0.6124672135589971	-3.3222530546311404	112.79086987002383	146.25365475938347	95.2641450594397	555.6269783916869	-2.5240852748662697	-2.09398170679056	-101.92684564537227	-97.15766713005735	-88.68087791428728	-91.39066323767845	-4.72836809867052	91.93158929927175	14.254368920372755	93.55470062360769	24.722459169295348	58.18524400066185	119.9866042287351	73.81222422029542
1.95	9.865803949816046	5.2055928834278085	13.217257295169881	5.745882080913342	-0.640072030323991	-3.3350634706614546	112.99056759493926	147.06494909809192	94.29487260013059	555.232033506656	-2.6366737276901127	-2.05835998502355	-101.90657705868307	-97.13019304498403	-88.68931976351308	-91.38431096407061	-4.568370060495152	91.95075226681094	14.373067042659995	93.70185857346759	24.941319861749953	59.01570133198421	119.2361924618806	74.24773638576953
1.9583333333333333	9.715939649107025	5.18519784206138	13.1806782840765	5.722209921999873	-0.6701015069601591	-3.3469457705985395	113.22056159116647	147.42488233949996	93.21113275586883	555.0984141279301	-2.7373296946513106	-2.0211884086340373	-101.88298200545633	-97.1013578647327	-88.70230372137972	-91.37914794273276	-4.437702213836461	91.96779778558049	14.474319537205497	93.8595791973617	25.188359376746703	59.39268011088795	118.39949213261562	74.49109548155845
1.9666666666666666	9.571847185589007	5.167254061540155	13.133984480295501	5.69466333694885	-0.7010991070105708	-3.3575586313572283	113.4904827906729	147.38814204247188	91.99756657451238	555.2303549823126	-2.8117563058053645	-1.9831603017013273	-101.85505600349558	-97.0721944722706	-88.72107152319997	-91.37753113532169	-4.346174698250557	91.98002758381065	14.549755902847494	94.02157379914517	25.470510374483297	59.368169625240235	117.4680769489958	74.59852555523928
1.9749999999999999	9.441892838807725	5.154955719732548	13.079974399681904	5.664613610478267	-0.730378304263746	-3.3667069414826094	113.80477370219279	147.1078928227466	90.64519299847565	555.5729391963711	-2.850951331172114	-1.9445984333253632	-101.82453622366425	-97.04550423581766	-88.74456182398227	-91.38089062533935	-4.29928637724856	91.98581648028154	14.59473981635036	94.17739451873612	25.790590182474073	59.09370931050347	116.43578318094987	74.66664918919666
1.9833333333333334	9.336676542292363	5.1484179426628085	13.022411690470838	5.63500840942455	-0.755583862476618	-3.372980792775064	114.16200600194948	146.72330964480136	89.15068264463768	556.0594305004018	-2.853088271565302	-1.9087564889663113	-101.79387765526377	-97.02387150444396	-88.77146596479288	-91.38886309501937	-4.299006635299619	91.98411789768384	14.612746295759866	94.31422981275583	26.146123899633047	58.70742755482278	115.29680654427085	74.7668585125415
1.9916666666666667	9.267314697639552	5.1442115106300905	12.964461123581058	5.607069262776905	-0.7769556387356417	-3.3753644816805237	114.5588459534881	146.311650696523	87.51409702945209	556.6275369748824	-2.8211752996856396	-1.8792674398394658	-101.76625946575597	-97.00727665471771	-88.80179834217489	-91.40020739194077	-4.34372496086733	91.97515729656092	14.614565824947606	94.41960594050454	26.534003250048716	58.286808007548785	114.04810027950093	74.91434525870268
2.0	9.240876528302131	5.139659428785419	12.90827313095889	5.580349102623506	-0.7982515857985328	-3.374864708305404	114.99364998701051	145.878363584841	85.73454292245442	557.2190551496797	-2.761069194900211	-1.8569678920257144	-101.74532008319547	-96.99400937199418	-88.83704695223658	-91.41366026937064	-4.428287992273692	91.96120463356216	14.611873927745737	94.48294645254998	26.954854620572316	57.8395682330703	112.68939754302686	75.05862352071382
2.0083333333333333	9.261854565948807	5.134115962137513	12.85319230244085	5.555347970124253	-0.8257370594840919	-3.37337240840695	115.46554798520961	145.34926513559643	83.80914687175252	557.7952184277952	-2.676200784345698	-1.840892492883683	-101.73297817812154	-96.98276936589947	-88.8797858756807	-91.4274213957752	-4.544895137872648	91.9459511838036	14.612315881338963	94.49526200205871	27.411499169012856	57.29521633301868	111.2206460407655	75.09043479899081
2.0166666666666666	9.335403647053864	5.126796491963961	12.796258121151094	5.533137812169369	-0.8667525233370478	-3.373585730482447	115.97162594952613	144.5974174284322	81.7363576752885	558.3521976398828	-2.5645677786114254	-1.8306635689983282	-101.72903457084486	-96.97274761138614	-88.93277644969375	-91.43960979921677	-4.6837378519468045	91.93397607364352	14.619567384406126	94.4501741377113	27.905602023169266	56.53139351392787	109.64195969845791	74.88359112492213
2.025	9.461799680514732	5.1147724368875345	12.737062933787707	5.512865983934369	-0.9285078235717654	-3.381472411503803	116.5060933603843	143.55270411529784	79.51896031657097	558.8941281912097	-2.4277949654281965	-1.82793317950236	-101.73418936014546	-96.962957110697	-88.99712642635774	-91.45009112676266	-4.8321120519272505	91.93138139721427	14.635149968191644	94.34673101021355	28.43747475759818	55.484085522279194	107.95643507416929	74.37821364390867
2.033333333333333	9.629685750471847	5.0929973868665375	12.680660806028854	5.491258368671033	-1.0161149810577705	-3.406105841897107	117.06169550801842	142.28649998149567	77.16764853073927	559.3964015018482	-2.2796837926386373	-1.836289908001282	-101.75150011967153	-96.95208862741114	-89.07083931364267	-91.46083025874016	-4.975293980227619	91.94527566741534	14.658010452399473	94.19135104750424	29.0069711754334	54.23177565655622	106.17461970617278	73.62817706831616
2.0416666666666665	9.81952456315365	5.05687365403239	12.633748597127253	5.463620631848911	-1.1299306066745889	-3.4556832139949107	117.63202340506375	140.94938029965442	74.70540262518708	559.8191147415682	-2.139351100592573	-1.8586707326752843	-101.78281370972681	-96.93843841116262	-89.14906511259956	-91.47481777931377	-5.10457239587039	91.98086549407527	14.682277869948516	93.99792165911298	29.612888899138692	52.93024579939986	104.31829152432584	72.74936044496404
2.05	10.011148752928678	5.005384056085091	12.60040330798787	5.424491117448735	-1.2646190002968394	-3.534997836815346	118.21358791588217	139.67048471540693	72.16653006887962	560.1371948758108	-2.02046170682961	-1.8943757262550123	-101.82556255568866	-96.92002924034388	-89.22515924770082	-91.49553812289521	-5.225355019018288	92.03945975259627	14.698222080099821	93.78518740429247	30.253047668478146	51.709944471951154	102.4195777373578	71.84713925567608
2.058333333333333	10.186728891822963	4.943000051249493	12.582804461044743	5.369019119785152	-1.4122158035640018	-3.6464584716137387	118.80687871152043	138.5312463814246	69.58745812677729	560.3409734440473	-1.9303453641192547	-1.9380193487244595	-101.87501287666181	-96.89547022573339	-89.29220841561711	-91.5264511059483	-5.351990014667142	92.12000738794714	14.696593886658881	93.57116214254752	30.9268860994673	50.65125377189799	100.51434422624459	70.99222713376992
2.0666666666666664	10.332478766922879	4.880662547876681	12.58290558583441	5.296196010856159	-1.5662404659970401	-3.79045901116662	119.41618000545844	137.57589718525838	66.99721794608625	560.426365265141	-1.8726957475498354	-1.9800909489310266	-101.92801794957482	-96.86552692974308	-89.34511236374045	-91.56933091888696	-5.496614980852632	92.22112810225681	14.66865813758189	93.36843567461122	31.637308107715022	49.79702528892669	98.63452605380124	70.2233904848497
2.075	10.441179347907802	4.83327815191747	12.600606123599956	5.210105795582727	-1.7221814831457734	-3.963217854784597	120.04891047119918	136.8251163539215	64.41574319386449	560.393520554029	-1.8473699939721895	-2.009709195434943	-101.98289789277659	-96.83343393768213	-89.38229176917669	-91.62332814209941	-5.668380985863037	92.33988971396931	14.600942398462967	93.18444907310129	32.38880018516828	49.165006068473915	96.80454337903271	69.55852656715552
2.0833333333333335	10.51163472250374	4.813176958125864	12.630469169166618	5.115409573056396	-1.8765898141691977	-4.156920700260695	120.71557811640616	136.288739003002	61.853947444521594	560.2455383456279	-1.8500228025623493	-2.018446173953122	-102.03700681562235	-96.80227810120914	-89.4065376464558	-91.68686852815271	-5.876512115114672	92.4700521677136	14.473902291528182	93.02430837660764	33.18563028411961	48.7587911707206	95.03957772864113	69.00432947434324
2.091666666666667	10.545844773404667	4.826250863620765	12.662777800689799	5.012678002893035	-2.027550594441837	-4.363553329849474	121.42981058274208	135.96843726714886	59.308417994210785	559.985460832522	-1.8724803209916627	-2.0013441784162205	-102.08639897590581	-96.77230190583325	-89.42362117521611	-91.75962390294015	-6.124126689203037	92.6039294192259	14.268554799974046	92.89181574036557	34.03374000196788	48.572366686008614	93.34215799617857	68.55782748845661
2.1	10.548102075480122	4.8729863881884175	12.688404440941957	4.899644052786047	-2.173888843372581	-4.577179784133947	122.20636610038203	135.86128016721005	56.76086762252751	559.6086720292278	-1.9033494642469173	-1.9563963310930885	-102.12708899701403	-96.74161954044366	-89.43868455607219	-91.84197548765754	-6.3986674227610845	92.73520428730055	13.977024556244777	92.78834265740264	34.9415703876825	48.59648445393584	91.7024380102099	68.20515646315755
2.1083333333333334	10.526415341821103	4.948470867511181	12.700830777196979	4.7741195204939535	-2.3132877707103554	-4.792882327397942	123.05694338101199	135.97431081257497	54.19043553236457	559.0864239271087	-1.9301919722384202	-1.8863831102278201	-102.15543926359551	-96.70832255418387	-89.45460848639863	-91.93420303368978	-6.669860468174054	92.85867928431185	13.61202818736435	92.71033566057653	35.9156226653238	48.83299009622443	90.10605819768824	67.91941401139101
2.1166666666666667	10.491870403550003	5.040210274397886	12.696283416220624	4.634576149800312	-2.441848280798167	-5.005235166138556	123.98662358363961	136.32578815905518	51.583545346351045	558.3724026408283	-1.9438913228328385	-1.8009421675129034	-102.16901348235866	-96.67069309249545	-89.47273006613807	-92.03611694269502	-6.898829159255922	92.96911821466018	13.207889966171916	92.64884878328895	36.95574179829976	49.29490637304997	88.5392871446507	67.66730900806698
2.125	10.45321594865168	5.129352652984083	12.676211775216057	4.481258356260755	-2.5546925336987742	-5.208548907901353	124.99220062421153	136.92126090792436	48.92966569065028	557.4428958364723	-1.9432183665861888	-1.7149706470572386	-102.16831107198122	-96.62721401954319	-89.49209929676513	-92.1459556632823	-7.0535970804444235	93.06259323693371	12.808582815224847	92.59523987924513	38.054793861145214	49.983854144244155	86.9844595517954	67.4267499793037
2.1333333333333333	10.41073310852549	5.196386773462597	12.646631570926798	4.318764526631296	-2.64739078465327	-5.397819173356052	126.06278693072069	137.74117264773483	46.21546107993767	556.3080079858587	-1.9362218938710518	-1.6443968544555645	-102.15590765519966	-96.57846899324228	-89.50927608427277	-92.25970446661086	-7.11963266364651	93.13811470038054	12.452799986742153	92.54766357788965	39.200901631101225	50.87928734758373	85.4163627110388	67.18729533496402
2.1416666666666666	10.355307070425287	5.225166652874632	12.612047492385647	4.157574599627163	-2.7171647987518095	-5.567090552758894	127.18468263430059	138.7584694908484	43.42663961754685	554.9697632206078	-1.9367790746951516	-1.603132210760899	-102.1331145262364	-96.52856738247753	-89.52106703385066	-92.37099278285027	-7.101484820165431	93.19609776490121	12.167425921997268	92.50968414981018	40.3807803992018	51.95456725531334	83.80742001674857	66.92433047920223
2.15	10.27466313219466	5.202751768244304	12.574266689716751	4.012546955027017	-2.762248341194864	-5.707895382657965	128.34631359300943	139.94506977753866	40.5506163757434	553.4019503089991	-1.9588119918089575	-1.602568390156036	-102.10007553302366	-96.48400283606097	-89.52580884330679	-92.47145588103388	-7.019537440660859	93.23643949788816	11.964484202123984	92.48470450968823	41.58275309089758	53.18150927508665	82.1333694666409	66.58345958823158
2.158333333333333	10.162205904636979	5.119592876596433	12.538621345211837	3.8976166140637045	-2.7815898141929725	-5.813244306250468	129.53726364726737	141.24043904814917	37.57595224110843	551.5935930384904	-2.012401703485779	-1.6520420421748225	-102.06040515156452	-96.45105490985203	-89.52178380635257	-92.55343829578825	-6.901479290896632	93.25980600784051	11.837541796241537	92.474807197205	42.797069655107876	54.50024505573836	80.37302189621624	66.09383809859631
2.1666666666666665	10.01952035221113	4.971571222745512	12.516380736003747	3.8208220279895904	-2.7756719949803172	-5.8816855587396955	130.74674308929897	142.52355898970805	34.49205674727854	549.5868693303653	-2.1034695581621965	-1.7588324271697315	-102.02311288006264	-96.43356773410987	-89.50673214405879	-92.61274570612021	-6.771244688378565	93.26893985092164	11.765648640703875	92.48196057312825	44.01568294022063	55.79249884045545	78.50773968749913	65.37936817497979
2.175	9.850250758619406	4.760773117492306	12.520144013528268	3.785919863405657	-2.7451543394104467	-5.91382278705332	131.96604092206192	143.63725218295463	31.292790453593057	547.4638559715374	-2.2361187479386824	-1.9274710384352516	-101.998623028134	-96.43306732468405	-89.47847901460567	-92.64714746127831	-6.646045936403043	93.26667532480491	11.726159806478549	92.50628402505525	45.23271624686684	56.90392750764861	76.52550670045987	64.36778348287775
2.183333333333333	9.654436196100674	4.494252502767938	12.559428824126488	3.7966715353763716	-2.688873859558477	-5.908255898638459	133.1883296711237	144.4624821220002	27.98653568279177	545.3168000864407	-2.413757163322186	-2.158666232461194	-101.99407542671064	-96.45070017661428	-89.43464660258411	-92.65402864123782	-6.53990403427911	93.25422725697447	11.7068212175534	92.54428631772396	46.44255692809821	57.716709378913244	74.42909261088998	63.03350946845019
2.1916666666666664	9.429948051797652	4.181905360895199	12.63861049319883	3.854710952590681	-2.605608705564864	-5.8649562609381904	134.40416948117567	144.98063438240473	24.606372502440767	543.2147355970362	-2.6359521040299034	-2.4479655137540797	-102.01147702472558	-96.48692503944773	-89.37286653152675	-92.63221408685695	-6.463093144916167	93.23274217403824	11.706583135996327	92.59164293839414	47.636911655213915	58.21337655641818	72.24328415765468	61.42811215592136
2.2	9.178185782845457	3.8355739320445124	12.754802352990676	3.9538977253235132	-2.497726483991428	-5.789850622107059	135.59898118399772	145.25627132770882	21.210379069006283	541.1868052782835	-2.8944907161497166	-2.7837837121944933	-102.047797748157	-96.53901725881293	-89.29299539516636	-92.5851195334893	-6.418592096489597	93.2047310888252	11.725041239307117	92.64680458418833	48.80371227282293	58.46100241653482	70.01409134182921	59.64780769668551
2.2083333333333335	8.910115940365646	3.471572122500481	12.895119274373306	4.079923309922675	-2.3742033831940588	-5.69442099435248	136.7526703698231	145.3738710397537	17.877154388239752	539.2441068823501	-3.173101048997101	-3.14542458917409	-102.09601272591779	-96.60103437298005	-89.20089345154454	-92.52111106305725	-6.400742790087932	93.17330993164964	11.755992319018702	92.70818336051624	49.925980301472755	58.5471809714207	67.80313468971251	57.791287855106155
