PathFileType	4	(X/Y/Z)	C:\Users\Ali Mert BOSTAN\Desktop\Yazýlým\Hacettepe-Bil-D-nem-Proje\basket_Sports2D\basket_Sports2D_px_person00.trc
DataRate	CameraRate	NumFrames	NumMarkers	Units	OrigDataRate	OrigDataStartFrame	OrigNumFrames
120.0	120.0	266	22	m	120.0	0	266
Frame#	Time	Hip			RHip			RKnee			RAnkle			RBigToe			RSmallToe			RHeel			LHip			LKnee			LAnkle			LBigToe			LSmallToe			LHeel			Neck			Head			Nose			RShoulder			RElbow			RWrist			LShoulder			LElbow			LWrist		
		X1	Y1	Z1	X2	Y2	Z2	X3	Y3	Z3	X4	Y4	Z4	X5	Y5	Z5	X6	Y6	Z6	X7	Y7	Z7	X8	Y8	Z8	X9	Y9	Z9	X10	Y10	Z10	X11	Y11	Z11	X12	Y12	Z12	X13	Y13	Z13	X14	Y14	Z14	X15	Y15	Z15	X16	Y16	Z16	X17	Y17	Z17	X18	Y18	Z18	X19	Y19	Z19	X20	Y20	Z20	X21	Y21	Z21	X22	Y22	Z22
0	0.0	368.92072793058713	598.7639943820658	0.0	371.096846667961	598.7850404608065	0.0	396.76703999978196	794.1782196898964	0.0	371.15772801746266	989.6396415119025	0.0	454.86411096327896	1006.8107128241663	0.0	439.74198662131494	1019.6678170113554	0.0	353.9375521897347	1008.9751210435903	0.0	366.7912561413101	598.7622255990126	0.0	368.84462679063915	792.0469334920759	0.0	356.0850460792046	983.1714903996356	0.0	446.1982321672399	1000.392198593536	0.0	435.52325129001946	998.2457094266442	0.0	328.26683034800885	1000.3646145500222	0.0	405.47477516358197	351.78417447137076	0.0	439.8349325214054	233.76913027073124	0.0	463.4567393583163	304.61140507955133	0.0	399.01068201358254	379.7902055835955	0.0	431.083707121872	495.8128212030131	0.0	519.1399366126847	463.52617719397705	0.0	377.6413673276842	375.44685071867525	0.0	418.24188934864236	489.3256796531558	0.0	508.4872396250304	465.7094223870408	0.0
1	0.008333333333333333	368.5456147359864	599.3437565155679	0.0	370.59469000584227	598.931052245806	0.0	392.3733667043024	793.1231200287419	0.0	369.5644489828193	989.1838122178325	0.0	452.1618006557196	1007.7720084992893	0.0	437.2106983806019	1020.0042882229457	0.0	351.32258708765835	1008.7707748195857	0.0	367.7177515280984	598.5075457393049	0.0	371.3396056912287	790.8169154464457	0.0	359.77685160798336	981.9512562358881	0.0	444.338612844719	1001.1903688741265	0.0	435.3524233553952	998.95645344141	0.0	329.9297410678665	1000.0464611471009	0.0	405.16700088152436	351.08696893132884	0.0	440.04111227960067	234.19548381550152	0.0	463.69581367189693	304.38085874061613	0.0	398.41013697257694	379.09237895498103	0.0	430.8761389799426	496.5086757283887	0.0	518.6780797324104	462.2284747335821	0.0	379.0432623953437	375.3819925343761	0.0	417.51037111830175	490.35957244240694	0.0	508.920682347336	465.31888452461055	0.0
2	0.016666666666666666	368.2006791155246	599.8967862655677	0.0	370.1227447835064	599.0778924438831	0.0	388.2979646862636	792.1590592851569	0.0	368.0567013955156	988.7559909029991	0.0	449.6545086751464	1008.6796527343087	0.0	434.8621160311149	1020.3379288478135	0.0	348.88256970777945	1008.5963547429978	0.0	368.5783353404429	598.286139814222	0.0	373.79145139146186	789.6903828256156	0.0	363.23224452547714	980.8230133576492	0.0	442.6544756273199	1001.9442407933905	0.0	435.19467201900824	999.6208731136744	0.0	331.4655484308925	999.7634488901139	0.0	404.87364517895975	350.4425428001467	0.0	440.23438392222647	234.58708344452808	0.0	463.910883171461	304.17016916443293	0.0	397.8515399820739	378.43995558671423	0.0	430.7229505394819	497.136065697126	0.0	518.2816134820853	461.01140876326133	0.0	380.3304601138463	375.3181244414414	0.0	416.83935138185495	491.31466628535867	0.0	509.32437105783	464.9232275263042	0.0
3	0.025	367.90572346652203	600.4044779781957	0.0	369.70381564441334	599.2236668576584	0.0	384.7523978553474	791.3456662684913	0.0	366.71184653638693	988.38025612285	0.0	447.47984623913624	1009.4914929187387	0.0	432.82026093733884	1020.6623446480216	0.0	346.7539563657795	1008.4749419657293	0.0	369.33218256470263	598.115257005345	0.0	376.1089219117695	788.7393512360212	0.0	366.2884474246301	979.8562347428269	0.0	441.25522595609925	1002.6267907379806	0.0	435.05912016290927	1000.2128136597856	0.0	332.7977810594445	999.5421005411728	0.0	404.6025759800599	349.88676777453793	0.0	440.3992969234592	234.93012884562074	0.0	464.0846192137609	303.9981741487325	0.0	397.3608481524126	377.86604323887263	0.0	430.6505575260774	497.6573372199461	0.0	517.9837610313506	459.9303290433205	0.0	381.4414947894611	375.25742292425883	0.0	416.27756625849855	492.14302969060833	0.0	509.68419202093077	464.5306657859439	0.0
4	0.03333333333333333	367.66927935088296	600.8574195997888	0.0	369.3524786986596	599.3626446910483	0.0	381.8388627012972	790.6916340298798	0.0	365.5848377297668	988.0568095829876	0.0	445.6872694877442	1010.1855294811111	0.0	431.1324368585078	1020.963591041892	0.0	345.0095504453919	1008.4047947644723	0.0	369.96060885454676	597.9949697829817	0.0	378.1219063108738	787.9845170582378	0.0	368.84430647066307	979.0761377542868	0.0	440.172212448644	1003.2172230646881	0.0	434.9350543008093	1000.7119839746642	0.0	333.8860251959947	999.3823038502891	0.0	404.3551884481267	349.43246366101494	0.0	440.5263061357948	235.2224743600083	0.0	464.2136442112014	303.8732258864093	0.0	396.9493447196466	377.3806800038439	0.0	430.6627432251352	498.058665831415	0.0	517.7960976826743	459.0059730062144	0.0	382.3589273722966	375.20241384547637	0.0	415.8528945569036	492.8290427693088	0.0	510.0010061310472	464.1493359530993	0.0
5	0.041666666666666664	367.49356113063914	601.2452339573364	0.0	369.07689172073856	599.4817329561689	0.0	379.58567858531416	790.1718229666388	0.0	364.70906848155437	987.7676609601676	0.0	444.27242320922255	1010.756391346126	0.0	429.79434681751343	1021.2246294145222	0.0	343.6730985397434	1008.3657190407989	0.0	370.45136280745544	597.9108153433821	0.0	379.60229137088925	787.4084296704607	0.0	370.84214105345774	978.4705580398349	0.0	439.3951578293186	1003.6925994745276	0.0	434.80339311460943	1001.0968040293012	0.0	334.7096363042307	999.263960431432	0.0	404.13040300157496	349.0782540742093	0.0	440.6080177170143	235.46340878349972	0.0	464.2997451430034	303.79295890484616	0.0	396.62119750588005	376.9818945861115	0.0	430.7505235947893	498.3395601453324	0.0	517.7189845688284	458.23952933705044	0.0	383.08548329435735	375.1549802714907	0.0	415.57277195131593	493.37373641675856	0.0	510.28355488099885	463.78869334268114	0.0
6	0.05	367.3782342642567	601.5557288039141	0.0	368.8807161151491	599.5657718906125	0.0	377.9845429139219	789.760619276111	0.0	364.10016741962505	987.4966552591628	0.0	443.2173024133313	1011.2103065995547	0.0	428.78242914103237	1021.4319314635964	0.0	342.74080422708363	1008.3355882589917	0.0	370.7896169692906	597.8446792314348	0.0	380.36488111813367	786.9828579765343	0.0	372.25466067948594	978.0140947606684	0.0	438.90605849096806	1004.0340945957676	0.0	434.65318212053614	1001.3518433316542	0.0	335.26040112295567	999.1666962050291	0.0	403.9268833315431	348.81975445756206	0.0	440.63784205829324	235.65150364347807	0.0	464.3454336999732	303.75225174346417	0.0	396.37541866501203	376.66362472042533	0.0	430.90322510218016	498.50313974245404	0.0	517.7481374780425	457.62502950793436	0.0	383.6262256532791	375.1160178601198	0.0	415.43548707403505	493.78003967021306	0.0	510.5450425224121	463.45986911487057	0.0
7	0.058333333333333334	367.31783613002574	601.7857941197836	0.0	368.7645658374634	599.6081078949543	0.0	376.99491638326185	789.4496297190836	0.0	363.75399592514964	987.24254881631	0.0	442.495236882385	1011.5592868425283	0.0	428.0659714540959	1021.5790743767787	0.0	342.1869867024922	1008.3024883983619	0.0	370.96506928332775	597.7843849372304	0.0	380.37787901764466	786.6863982997709	0.0	373.0920599716995	977.6845298302891	0.0	438.6767622157553	1004.2389998834936	0.0	434.48644196583774	1001.4803767637336	0.0	335.5571011365196	999.0817312066786	0.0	403.7422054048401	348.6499092446304	0.0	440.61457589136387	235.78900920460117	0.0	464.35464462012123	303.74694925324076	0.0	396.20323196108103	376.4148912154061	0.0	431.1089248425073	498.5593044564104	0.0	517.8722008981845	457.14702525826493	0.0	383.9919126134951	375.0834268906957	0.0	415.4304039989314	494.05682318174553	0.0	510.80020211654136	463.16839152887127	0.0
8	0.06666666666666667	367.2991481830356	601.9486337374382	0.0	368.72447642285914	599.6157560706612	0.0	376.5358551572254	789.2414657316216	0.0	363.64024895409176	987.015484602756	0.0	442.0606986349236	1011.8145950368835	0.0	427.6089154804861	1021.6688799677523	0.0	341.959720999032	1008.2660242493167	0.0	370.9851008291882	597.7273802983475	0.0	379.7654386689663	786.5052314936145	0.0	373.4158476536676	977.4645466398026	0.0	438.65771032622143	1004.3231755478099	0.0	434.3124732263997	1001.5060118761912	0.0	335.65181831328204	999.0100405136146	0.0	403.5737474915451	348.5554606612556	0.0	440.5442809391449	235.88214482619873	0.0	464.3318572382301	303.77042113218545	0.0	396.0895201620044	376.2196285307056	0.0	431.3540581951355	498.5273508281263	0.0	518.0725904781323	456.77709934574	0.0	384.204352737852	375.0528307455028	0.0	415.53543117242737	494.2256845216661	0.0	511.06005248704554	462.90834975854386	0.0
9	0.075	367.3085195217073	602.0646660562646	0.0	368.7486306870566	599.6011783784882	0.0	376.4928140209729	789.1375272412313	0.0	363.70288378625264	986.8283236743174	0.0	441.85676913018506	1011.9845750237539	0.0	427.3762122557013	1021.7147993442438	0.0	341.9862357700186	1008.2322986842045	0.0	370.8815538556757	597.6766054691445	0.0	378.73269692561513	786.4270394856127	0.0	373.34331184025564	977.3397282816128	0.0	438.79053640339873	1004.3140034665133	0.0	434.1467214606561	1001.4626275125079	0.0	335.60819572140133	998.9577294459523	0.0	403.41990386454773	348.5218358778219	0.0	440.4344168572799	235.93565742698362	0.0	464.2785416781525	303.81045541739485	0.0	396.0192598070434	376.06187265108616	0.0	431.6308784055533	498.426819946358	0.0	518.3315202775434	456.4842820661138	0.0	384.29004917715434	375.0206725143793	0.0	415.72775876275944	494.3105009933949	0.0	511.32960715416385	462.67020528127836	0.0
10	0.08333333333333333	367.33965281344416	602.1476148717295	0.0	368.81845839652516	599.5702694658839	0.0	376.7358530104166	789.1335584411559	0.0	363.8736682635867	986.6919690050358	0.0	441.8308858157291	1012.0766485044244	0.0	427.3366578211799	1021.7370363431907	0.0	342.1888241024249	1008.2104301866424	0.0	370.7037214942554	597.632171702865	0.0	377.50539845902125	786.438164415642	0.0	373.0300745172996	977.2981378618504	0.0	439.0256283621874	1004.243140394017	0.0	434.0123361960021	1001.3837713330229	0.0	335.4805562228296	998.9340790911288	0.0	403.27888426416496	348.53937413556037	0.0	440.28808589722297	235.95076429616216	0.0	464.1912374270125	303.8520815185365	0.0	395.98123204187016	375.9310016027409	0.0	431.9412067719787	498.27073057573955	0.0	518.6364961845765	456.24713703626185	0.0	384.275007481389	374.98499942983386	0.0	415.9929773469712	494.32498844349254	0.0	511.61017027162654	462.4510931284882	0.0
11	0.09166666666666666	367.38800264086586	602.2036280880436	0.0	368.91587286306856	599.522520063324	0.0	377.1413904143992	789.2226895174167	0.0	364.09193555814875	986.610272762761	0.0	441.9361268779925	1012.0983654240623	0.0	427.4561364144915	1021.7512647833365	0.0	342.4977159392333	1008.2090163441205	0.0	370.4976340279559	597.5889080226267	0.0	376.27111148485034	786.5261296557544	0.0	372.625371525575	977.3279906002957	0.0	439.3154909363745	1004.1434845500261	0.0	433.9292112549722	1001.2978403196493	0.0	335.31739058996556	998.9484614323408	0.0	403.14784138160155	348.598688033375	0.0	440.1064344914441	235.93118635004623	0.0	464.06531209948497	303.8861794711154	0.0	395.96693453250646	375.8220579198201	0.0	432.2883154153094	498.07015481906234	0.0	518.9742694098766	456.0494855323283	0.0	384.1872770662787	374.94565041294743	0.0	416.3199378192479	494.278973058466	0.0	511.9021238551701	462.2505224552325	0.0
12	0.1	367.44403608549175	602.2367451117681	0.0	369.0289396220356	599.4573967532506	0.0	377.6141395726554	789.397153391991	0.0	364.31595038122055	986.5766905657048	0.0	442.12509347002816	1012.0581771639856	0.0	427.6941987628575	1021.759406338558	0.0	342.85676032277985	1008.2298172514223	0.0	370.2912079103562	597.5399326409262	0.0	375.14002209793256	786.6809660972108	0.0	372.23367280059296	977.4153747236239	0.0	439.60592317190765	1004.0459964427888	0.0	433.9019928721264	1001.2257808876403	0.0	335.1651886655604	999.006122706835	0.0	403.0247052546877	348.68386293082773	0.0	439.8952823276232	235.8869932403662	0.0	463.9009924088783	303.9127970831408	0.0	395.96925706314806	375.73226999202814	0.0	432.6679776328776	497.83821792362505	0.0	519.3266779123587	455.87065099437115	0.0	384.05624642877103	374.9055299565098	0.0	416.6971726977165	494.18884994190597	0.0	512.2070182845478	462.06085347399545	0.0
13	0.10833333333333334	367.49969843937754	602.2469847322873	0.0	369.1504615976375	599.3738355529557	0.0	378.09626524736416	789.6451828031658	0.0	364.52242473729	986.5808488586928	0.0	442.3571531169697	1011.9673542206842	0.0	428.01500799752057	1021.753009345177	0.0	343.2281579021016	1008.2671158552664	0.0	370.100926635418	597.4791730585732	0.0	374.1774277948847	786.8924706468606	0.0	371.9169159222071	977.5480792354205	0.0	439.8560885769315	1003.9724684903595	0.0	433.9289605183406	1001.1784686053883	0.0	335.0542193252098	999.1076724466348	0.0	402.9108637048814	348.77916708931065	0.0	439.66453754453516	235.82919086599222	0.0	463.7030785486313	303.93356255664844	0.0	395.9824934991045	375.6597574671718	0.0	433.06940079452045	497.5861836545235	0.0	519.677412018156	455.6901797478103	0.0	383.9049509964303	374.87043378609314	0.0	417.12282778167537	494.0715834024081	0.0	512.528765614047	461.8712736937255	0.0
14	0.11666666666666667	367.5565957956249	602.2268766526486	0.0	369.2753917902222	599.2680439151854	0.0	378.5585388612573	789.9455684371943	0.0	364.7034792278168	986.6137392458609	0.0	442.607361584478	1011.840604697367	0.0	428.3962180037603	1021.7225907246084	0.0	343.5936336936233	1008.3110436792216	0.0	369.94191330627035	597.4020083849955	0.0	373.44138820415435	787.1452304856176	0.0	371.70885950751665	977.7161733033957	0.0	440.05662114749737	1003.9290423091956	0.0	434.0125299814909	1001.1548140255643	0.0	334.988425920534	999.2474089486517	0.0	402.8105906983412	348.8791821509001	0.0	439.4210104082251	235.76522264619635	0.0	463.4777986419899	303.9465742063319	0.0	396.00322203309804	375.60327893390996	0.0	433.48231458780657	497.31977106036095	0.0	520.0199537952427	455.49716463279134	0.0	383.74661415788336	374.8470737828126	0.0	417.60849387556914	493.9359590882682	0.0	512.8728634428701	461.6766601168361	0.0
15	0.125	367.62269496122195	602.1664904500201	0.0	369.4011496349624	599.1375968585877	0.0	378.98532042538864	790.2629342394266	0.0	364.86395311398314	986.6611934665958	0.0	442.8557947038769	1011.6941992357584	0.0	428.81801352917967	1021.6612414951555	0.0	343.94400118852815	1008.3441549390499	0.0	369.823151534194	597.3060913048879	0.0	372.95629959412236	787.4123785625555	0.0	371.61026415375045	977.9012969250222	0.0	440.20993796964933	1003.9070291224424	0.0	434.14611748272694	1001.143512226096	0.0	334.95846313043836	999.406032243396	0.0	402.72741634766203	348.98342830777574	0.0	439.166967616303	235.7015704130808	0.0	463.23484586372746	303.9502000927881	0.0	396.0301264223541	375.55785280030216	0.0	433.9005611667674	497.04348885913095	0.0	520.3561695814519	455.2867841774621	0.0	383.59121398623296	374.8394730705407	0.0	418.1625563096454	493.7890909087258	0.0	513.245073890011	461.473406385608	0.0
16	0.13333333333333333	367.7039366136015	602.0617429905983	0.0	369.5256594692282	598.9857335806005	0.0	379.36024974900437	790.5523782731681	0.0	365.0109968413289	986.702126333475	0.0	443.0747990566024	1011.5429579657804	0.0	429.2499189841824	1021.5653084810505	0.0	344.26257523516995	1008.3411114107188	0.0	369.74492616040794	597.1923510961703	0.0	372.69130310495285	787.655835654434	0.0	371.59610582012505	978.0723483178665	0.0	440.3078118837842	1003.8910816810431	0.0	434.30330634485864	1001.1293743479338	0.0	334.95913229198766	999.5507085108846	0.0	402.6622369149534	349.08642460365553	0.0	438.90305713520144	235.6454460941464	0.0	462.98738817399123	303.9461039663115	0.0	396.0610188787912	375.5141399330698	0.0	434.3206945040675	496.766941491105	0.0	520.6915159313551	455.0551926847016	0.0	383.4513137203518	374.8461400403903	0.0	418.7776315914301	493.641964949917	0.0	513.649583155336	461.2517468045766	0.0
17	0.14166666666666666	367.802414999161	601.9139087093972	0.0	369.64481619801546	598.81883533353	0.0	379.6591543401913	790.7745983551731	0.0	365.1391289254503	986.7185729373795	0.0	443.2366301703191	1011.3994848473989	0.0	429.6559267646709	1021.4373066504271	0.0	344.5198973214173	1008.2802210116179	0.0	369.71033530698213	597.0651570266867	0.0	372.60585086408946	787.837689709034	0.0	371.647365481206	978.1969839566216	0.0	440.3430317534315	1003.8675185297938	0.0	434.4539449870206	1001.0978118658286	0.0	334.98459710072865	999.6480149598309	0.0	402.61395285571814	349.1821398651447	0.0	438.62707235936307	235.60159699150293	0.0	462.74560637004726	303.93828211420646	0.0	396.0916637975647	375.4679698137583	0.0	434.74170118279	496.5024778921114	0.0	521.0360010901059	454.80520521303055	0.0	383.33781380046344	374.8634525281357	0.0	419.4385757719648	493.499193080006	0.0	514.0851657111494	461.0017770994874	0.0
18	0.15	367.9189287128796	601.7228263643585	0.0	369.75618612103386	598.641891891099	0.0	379.85888249604784	790.9068347249942	0.0	365.23039639833553	986.7000553557891	0.0	443.32667874294026	1011.2755907128299	0.0	430.00619517662045	1021.285337264849	0.0	344.68670873147613	1008.1528633095011	0.0	369.72880136381804	596.9304073076286	0.0	372.6871593529768	787.9303596925483	0.0	371.7593971061964	978.2519823175784	0.0	440.3236943278509	1003.8272146859331	0.0	434.58067892602065	1001.0353073782165	0.0	335.01824021316827	999.6746217373301	0.0	402.5787536927249	349.27115424371397	0.0	438.33506195296314	235.57057549648536	0.0	462.5143074660506	303.933054045512	0.0	396.11802976383643	375.42540578549307	0.0	435.1670250098531	496.2565185976936	0.0	521.4038432435897	454.5497791305957	0.0	383.2541965034796	374.89053303831565	0.0	420.13036758622695	493.3530446668659	0.0	514.5426941684086	460.7235492068213	0.0
19	0.15833333333333333	368.0502715118458	601.4887952388625	0.0	369.86366196424433	598.4587603913944	0.0	379.9538783431013	790.9424147172498	0.0	365.2743202944673	986.6391368550668	0.0	443.3440123991826	1011.1798428928814	0.0	430.2805300365881	1021.1160366234842	0.0	344.7516487896707	1007.962985798082	0.0	369.8001928436471	596.7923670921851	0.0	372.9136650132876	787.9177527407352	0.0	371.91380201795545	978.2255632161683	0.0	440.25982808362073	1003.7652903284646	0.0	434.6753295185054	1000.9315913417789	0.0	335.04557055654413	999.6200265673542	0.0	402.5479089892019	349.3540020455608	0.0	438.0294885257218	235.55146301117077	0.0	462.2966375683256	303.93973626389896	0.0	396.13687974358436	375.3937278844626	0.0	435.60384707457536	496.0261904448567	0.0	521.8037778321374	454.3016150929825	0.0	383.19901685042845	374.9268599917985	0.0	420.8331402700413	493.1960921689103	0.0	515.009634432434	460.42371945725694	0.0
20	0.16666666666666666	368.1843471895966	601.2220643788676	0.0	369.9757093674736	598.2751976472026	0.0	379.96675624316407	790.8865107011397	0.0	365.28314202374406	986.5303401435422	0.0	443.2994532839321	1011.1130413374513	0.0	430.4693145446265	1020.9317746616125	0.0	344.7274811352572	1007.7225047382358	0.0	369.9011368242186	596.6532919704987	0.0	373.21819725289265	787.7957303902995	0.0	372.06133671318884	978.118956399512	0.0	440.1520329023091	1003.6791695692999	0.0	434.73265356816313	1000.7817219182865	0.0	335.0656036744619	999.4882313042345	0.0	402.5089863124793	349.42465717802963	0.0	437.7231142763912	235.54312539798997	0.0	462.09445431988206	303.9676097828264	0.0	396.1469825792336	375.37373827104307	0.0	436.05916744712556	495.8043460156316	0.0	522.2309977994533	454.0628817915915	0.0	383.16753129846586	374.96812312100366	0.0	421.51844200576113	493.0305053161768	0.0	515.4762841712065	460.10653627962614	0.0
21	0.175	368.30325452019025	600.9423202503532	0.0	370.0999677369412	598.0981847241966	0.0	379.94792031141276	790.7536164071938	0.0	365.28334727994275	986.3730524190273	0.0	443.21841912710505	1011.0708245948992	0.0	430.57570233594413	1020.7383881472103	0.0	344.6435192566954	1007.4465547397682	0.0	369.99163116290947	596.5153469728529	0.0	373.519550639376	787.574996249749	0.0	372.14028540215514	977.9456961391202	0.0	440.0072928140641	1003.5676583175762	0.0	434.752786739991	1000.5857585055809	0.0	335.0732299502184	999.2970423796013	0.0	402.4513630546016	349.47853846162985	0.0	437.4317829342643	235.54135915929362	0.0	461.904211448727	304.0199756763088	0.0	396.1535180800316	375.3639103546254	0.0	436.5396426574376	495.58413942903206	0.0	522.6725750993699	453.830993292315	0.0	383.14486268953567	375.00701292471666	0.0	422.1571759764566	492.85667512075497	0.0	515.933125059078	459.7750870174645	0.0
22	0.18333333333333332	368.3920558590065	600.6687584539956	0.0	370.24039144507935	597.9330359851568	0.0	379.95934815806834	790.5656783280294	0.0	365.29807945753464	986.1722991963276	0.0	443.1332631353079	1011.0499263566383	0.0	430.6104813766797	1020.5511146218449	0.0	344.5321131325891	1007.1514205423367	0.0	370.0360219718823	596.3802789846729	0.0	373.7677181449785	787.2817141865947	0.0	372.1051783013397	977.7244032495315	0.0	439.85313623553463	1003.4355724356848	0.0	434.743236157932	1000.3497605214754	0.0	335.0481845930263	999.0712147570332	0.0	402.37057726303163	349.5185399679428	0.0	437.16495913334046	235.53786524554724	0.0	461.7169591148658	304.0925234588229	0.0	396.1666794205773	375.3641733644557	0.0	437.0537863206244	495.35807001448364	0.0	523.118096568362	453.60713944794236	0.0	383.107820803077	375.0352212137682	0.0	422.73008977877083	492.6638622309003	0.0	516.3674706533131	459.4370310334623	0.0
23	0.19166666666666665	368.44424607039446	600.4167425422492	0.0	370.39927111793395	597.7847863363861	0.0	380.0453701932777	790.3480928155356	0.0	365.3418216652594	985.9380371869975	0.0	443.0645986394283	1011.0469701258039	0.0	430.5832113843374	1020.3874084838181	0.0	344.418465911435	1006.8564262851767	0.0	370.021228204372	596.2489040961423	0.0	373.94595420559756	786.952532852793	0.0	371.94158704249975	977.4723366623151	0.0	439.7241433159901	1003.2964309795178	0.0	434.7157884082978	1000.0859612754568	0.0	334.9790083777206	998.8349109634274	0.0	402.2687081698309	349.5456656575487	0.0	436.9227752945964	235.52486622219126	0.0	461.5256159840893	304.17730581446386	0.0	396.1913156937782	375.3708266352474	0.0	437.6060840194741	495.11801362772127	0.0	523.5613376114921	453.39077188564994	0.0	383.0452538650471	375.0451207248156	0.0	423.2307827960915	492.4435939135926	0.0	516.7724175919302	459.1022385388953	0.0
24	0.2	368.46331676948483	600.2003551202064	0.0	370.5794076211418	597.6609235276292	0.0	380.21695379760246	790.124357016426	0.0	365.4259067972288	985.6870080479888	0.0	443.01670772861183	1011.0526938696821	0.0	430.5054352560175	1020.2551533758598	0.0	344.32208705161514	1006.5847455492394	0.0	369.9575598584385	596.1250890551486	0.0	374.05565228209656	786.6254369321493	0.0	371.6628072326355	977.2079354320874	0.0	439.64172824718725	1003.1651746896097	0.0	434.68136002786457	999.8092863107165	0.0	334.87897991712	998.6096066186537	0.0	402.1533446493805	349.55146338595955	0.0	436.69802503064034	235.5003889937845	0.0	461.3308465465238	304.2642934836253	0.0	396.2209201610423	375.3738901891544	0.0	438.18975887136156	494.8603211382326	0.0	523.9962609042233	453.1724365670848	0.0	382.96814623672196	375.032564030602	0.0	423.66573467374167	492.20222248839326	0.0	517.1551836993586	458.7757606248688	0.0
25	0.20833333333333334	368.46235208433586	600.0311573489264	0.0	370.78143151328106	597.5694661334537	0.0	380.4670650107158	789.9140705316621	0.0	365.5594138721194	985.4439983623662	0.0	442.99327487772086	1011.0534288833632	0.0	430.40085693635416	1020.1525273743448	0.0	344.2633804146843	1006.3592636641451	0.0	369.8635500378271	596.0197197969756	0.0	374.11536953868415	786.3345999123463	0.0	371.2942070781569	976.9540437030338	0.0	439.6132308150139	1003.049061990027	0.0	434.64624695571916	999.5328667165028	0.0	334.76303827230106	998.4138662023773	0.0	402.03544916491285	349.5263590703726	0.0	436.47917097430894	235.46660450898256	0.0	461.1383773662859	304.33990027080927	0.0	396.2453742454984	375.36608057822065	0.0	438.7930610538288	494.58871373121707	0.0	524.4188193037555	452.93954415831837	0.0	382.8883332542454	374.9985708721005	0.0	424.05113069069773	491.9497551722825	0.0	517.5262414792359	458.45650056761673	0.0
26	0.21666666666666667	368.45822644346356	599.9138408902313	0.0	371.00132242724123	597.5139879929784	0.0	380.79484476272586	789.7330631170613	0.0	365.7439371785684	985.2337168318462	0.0	443.00566419067826	1011.0385824273502	0.0	430.30232025850466	1020.076834182929	0.0	344.2593900178713	1006.1951127360032	0.0	369.74706466607955	595.9456861674003	0.0	374.1500861462944	786.1087212465303	0.0	370.85284345907576	976.7314167821613	0.0	439.63655914556523	1002.9458125620938	0.0	434.6099887706094	999.2648686120826	0.0	334.62646212867133	998.2596188289798	0.0	401.923620517188	349.469778128922	0.0	436.2532786200307	235.42478346459217	0.0	460.95234536283846	304.39095603724115	0.0	396.26253351086467	375.35100259543213	0.0	439.41003784424976	494.3109929632759	0.0	524.8306406284961	452.68547018582933	0.0	382.7948172818552	374.9473752996356	0.0	424.3964787831141	491.6870711228755	0.0	517.8811249357699	458.1422475688673	0.0
27	0.225	368.4617454011502	599.8456937790469	0.0	371.2348915347481	597.4919826261662	0.0	381.21332853948127	789.5918687635582	0.0	365.97924781999717	985.0685952056938	0.0	443.0616667009403	1011.0018285921198	0.0	430.2390210044603	1020.02527526481	0.0	344.31814688945246	1006.0932840802435	0.0	369.5936971290494	595.9087961166905	0.0	374.15003636943203	785.9653911029277	0.0	370.3301624647371	976.551082290703	0.0	439.69292027334063	1002.8458251782506	0.0	434.56443489816184	999.0089131741963	0.0	334.4599883774504	998.148718463208	0.0	401.81880067115895	349.3871615225912	0.0	436.0085392801906	235.37691578393938	0.0	460.7719948904283	304.4129486517109	0.0	396.2799648266843	375.33632934023785	0.0	440.0398984587398	494.0357491773361	0.0	525.2365248431425	452.40765032802017	0.0	382.6594012289832	374.88254233590817	0.0	424.6874933631041	491.4132809222565	0.0	518.2010591226117	457.8322772250516	0.0
28	0.23333333333333334	368.4731808678152	599.8223232131497	0.0	371.4812910326719	597.4996908460524	0.0	381.73892457286115	789.4951418796842	0.0	366.2738327769938	984.9513368209965	0.0	443.1594489018328	1010.9370614701395	0.0	430.2326502327547	1019.9899196973997	0.0	344.44458942602097	1006.0435700464292	0.0	369.377107464434	595.908269377107	0.0	374.0584851506532	785.9076776301972	0.0	369.7001759430623	976.4184534086727	0.0	439.7503096140985	1002.7348543289932	0.0	434.49975735134404	998.7684049432684	0.0	334.27117208840673	998.0776671334331	0.0	401.71655258822614	349.2829264893897	0.0	435.73613950682005	235.32856465335138	0.0	460.59160264422025	304.41071815313074	0.0	396.30796729047483	375.32361533584725	0.0	440.6807740015379	493.770789572913	0.0	525.6409074126395	452.1007551931911	0.0	382.45912182040234	374.80590842335175	0.0	424.89585990260787	491.13470315734736	0.0	518.4691436869255	457.52467506409755	0.0
29	0.24166666666666667	368.48679977034067	599.8422297620448	0.0	371.7364530724238	597.5365460945089	0.0	382.37507229576795	789.4431305146635	0.0	366.6347535291349	984.8879637707977	0.0	443.2952063053759	1010.8414526062098	0.0	430.29685235365963	1019.9622975126226	0.0	344.6414721703902	1006.0365577933019	0.0	369.08510627677776	595.9443572984187	0.0	373.8330595868245	785.9290079715961	0.0	368.9561787330518	976.3431783350327	0.0	439.7886640544207	1002.6014928781985	0.0	434.4141822193772	998.5507638299998	0.0	334.07456019948035	998.0464642088382	0.0	401.61366574905463	349.1630985291479	0.0	435.43139940454853	235.28426435773957	0.0	460.4017843053413	304.38857171912457	0.0	396.35394641618484	375.3122443481661	0.0	441.32995125604987	493.5210404994139	0.0	526.047911500034	451.76028099554895	0.0	382.1873093554513	374.72087298406575	0.0	425.0083136494098	490.8574987341229	0.0	518.6784537794373	457.216547675686	0.0
30	0.25	368.49681919662214	599.9046446083287	0.0	371.98801593095897	597.6029707658898	0.0	383.1055592405995	789.4327094449083	0.0	367.04778660531105	984.8873049517471	0.0	443.46443709642625	1010.7231843592767	0.0	430.4281879852947	1019.9424295499733	0.0	344.8997381479455	1006.0702805731852	0.0	368.72850616815504	596.0191955253516	0.0	373.4952718292551	786.0170972099073	0.0	368.13067598081943	976.338391232122	0.0	439.81182795757996	1002.4462119457642	0.0	434.3135118845475	998.3680102055235	0.0	333.8721807560965	998.0590032188913	0.0	401.511070221948	349.038960663243	0.0	435.09390770421294	235.2438504402051	0.0	460.19471812316806	304.3431898508304	0.0	396.42330174644474	375.3063637522707	0.0	441.9874928009515	493.28927419840795	0.0	526.4609248893072	451.3914114013755	0.0	381.8510054126703	374.634258402024	0.0	425.03718827149817	490.5803879032866	0.0	518.8312282863209	456.9078175812404	0.0
31	0.2583333333333333	368.49819180616583	600.0066763276693	0.0	372.2225017579878	597.6970032539634	0.0	383.8968187967847	789.4580650825865	0.0	367.47798996634924	984.9492870302292	0.0	443.65378969579035	1010.6002073138419	0.0	430.60205004656456	1019.9370836644999	0.0	345.19761961037324	1006.1444148563494	0.0	368.32926784343425	596.1303858420072	0.0	373.09877650235217	786.1520596720239	0.0	367.2765734984331	976.4092576440618	0.0	439.8300789632885	1002.2809775560198	0.0	434.2023063813587	998.2331782487056	0.0	333.6603033889703	998.1161209531291	0.0	401.4118548443174	348.9195450998265	0.0	434.7269818145341	235.20546214431724	0.0	459.970763197983	304.2697506872263	0.0	396.5224429516539	375.3088991643821	0.0	442.6561081148178	493.0785753922743	0.0	526.8800906963179	451.00801922182177	0.0	381.4691106270369	374.55224920672947	0.0	425.00306716964195	490.3039876794803	0.0	518.9415655951034	456.6006137767192	0.0
32	0.26666666666666666	368.4863790968295	600.144266950039	0.0	372.43273619562507	597.8149187150674	0.0	384.6992597436101	789.5123712153196	0.0	367.88514390928907	985.0634808257	0.0	443.8403525956959	1010.4899376065492	0.0	430.78477806955755	1019.9515328419708	0.0	345.50908957138523	1006.2536942518944	0.0	367.91471126016955	596.2685430932111	0.0	372.6897532947818	786.3083999739965	0.0	366.44744679607004	976.5473415049411	0.0	439.8434985062307	1002.1216638140893	0.0	434.0819194637642	998.154970094798	0.0	333.444842803749	998.2127319084924	0.0	401.31747681588996	348.80504748597514	0.0	434.338068296563	235.16715327659372	0.0	459.7377392630861	304.1713130047024	0.0	396.6568742670745	375.31430136347086	0.0	443.33980205121816	492.89060376927415	0.0	527.3026337071317	450.6246357446079	0.0	381.06870109575357	374.4766360743459	0.0	424.92067954517853	490.0393292481524	0.0	519.0359014871442	456.29714350223924	0.0
33	0.275	368.4598138309369	600.3125727840486	0.0	372.61477227374627	597.952022253191	0.0	385.459047720453	789.5909667690154	0.0	368.2345277461749	985.2181337318387	0.0	444.00440930097443	1010.4013661848272	0.0	430.9513284125668	1019.9864590391034	0.0	345.81032458546605	1006.3914701112486	0.0	367.51680087835257	596.4209788533783	0.0	372.31549760289107	786.4650742257306	0.0	365.6944729461266	976.7378347291357	0.0	439.84537275160847	1001.9820943110059	0.0	433.9548227983823	998.1350576646446	0.0	333.23693301788035	998.3418698972489	0.0	401.22622596766917	348.6933452863089	0.0	433.9395632849655	235.1234742057188	0.0	459.5036260075859	304.05823680070324	0.0	396.8271210778615	375.31289856600216	0.0	444.0434064991216	492.7214964616479	0.0	527.7281181547214	450.25161910178065	0.0	380.66949916598014	374.40576816668096	0.0	424.8058248946862	489.79676962470467	0.0	519.1423522054931	456.00206476331545	0.0
34	0.2833333333333333	368.4195991457937	600.5046953518236	0.0	372.76389854914936	598.1018792171104	0.0	386.1500931569145	789.6940663629758	0.0	368.50835256501773	985.4048569610258	0.0	444.1419644418749	1010.3340171223794	0.0	431.09365421897246	1020.0387076520269	0.0	346.0890370958155	1006.5540625777878	0.0	367.1591188200078	596.5752717439921	0.0	372.02747702761883	786.6135881710337	0.0	365.0547484199709	976.9682490792314	0.0	439.8294078456254	1001.8716914078303	0.0	433.8238116147313	998.170119084713	0.0	333.0453609210279	998.4992266876226	0.0	401.13523822068106	348.587797085601	0.0	433.5461778306928	235.065096207317	0.0	459.2735704018587	303.9413413452585	0.0	397.0293705426843	375.2984051213971	0.0	444.7700406592983	492.56092696013616	0.0	528.1614931288341	449.89283199520617	0.0	380.27142025431334	374.3355977253955	0.0	424.6804299605403	489.5749627371652	0.0	519.2791542473241	455.7230117059436	0.0
35	0.2916666666666667	368.3672505007323	600.7124679292968	0.0	372.8793575483567	598.2571039691974	0.0	386.78739131817935	789.8258456379285	0.0	368.7173184359702	985.6165291537169	0.0	444.26272973584213	1010.2816481454076	0.0	431.2168155290238	1020.1022953614797	0.0	346.35189107541925	1006.7376849234311	0.0	366.8461440088318	596.7214222599537	0.0	371.85403967216195	786.7560293207017	0.0	364.5347435037154	977.2277673732672	0.0	439.7916915583833	1001.7954060016509	0.0	433.6909836443091	998.253034964549	0.0	332.88528278800896	998.6816586338591	0.0	401.0435500446253	348.4935478577108	0.0	433.1691073239505	234.98606366717337	0.0	459.0533653675761	303.82738604506056	0.0	397.2565063588221	375.2683685061264	0.0	445.5175153984467	492.39588638361124	0.0	528.6081035842277	449.54253014386177	0.0	379.86601793523744	374.26049066539156	0.0	424.56197180685933	489.3701320282558	0.0	519.4554642819774	455.46310538720434	0.0
36	0.3	368.30646430480357	600.9278869836337	0.0	372.9685225840277	598.4109254736819	0.0	387.3960411614427	789.9896836422445	0.0	368.8924781812167	985.8467215976507	0.0	444.37941007325725	1010.2373994369043	0.0	431.3311805040473	1020.1708019336164	0.0	346.6148153935242	1006.9371073799662	0.0	366.57410771341443	596.8533990420232	0.0	371.79422983196974	786.8964073609432	0.0	364.1187251285044	977.502073606336	0.0	439.735770788245	1001.7535633776254	0.0	433.56291497795854	998.3690821826195	0.0	332.7820372633004	998.8825970841708	0.0	400.95404775445934	348.4110672493869	0.0	432.81342491810045	234.8880241282135	0.0	458.84972417968055	303.7168558345731	0.0	397.4945899098398	375.2216388326518	0.0	446.27874968255105	492.2149187812368	0.0	529.0676970698456	449.1860864356298	0.0	379.4576117703085	374.1769986619883	0.0	424.4623039760861	489.18416058363925	0.0	519.6785978280734	455.21417330129003	0.0
37	0.30833333333333335	368.24399882592064	601.1423539565048	0.0	373.0410841552935	598.557259541668	0.0	387.98123241072784	790.1826947808083	0.0	369.05979765533743	986.0921445523301	0.0	444.5016817898566	1010.1970372349484	0.0	431.4457159742903	1020.240914279082	0.0	346.88574545558413	1007.1474452096102	0.0	366.346153649383	596.9693072419904	0.0	371.84621124990537	787.0349059122378	0.0	363.79699443404263	977.7735680555783	0.0	439.6785477163755	1001.7420051169964	0.0	433.45166045389885	998.49619595319	0.0	332.75220454165617	999.0929300792682	0.0	400.8726610461783	348.3384177292721	0.0	432.48047532129385	234.77371661924627	0.0	458.665739163074	303.6042075134391	0.0	397.72239284018315	375.16036428094003	0.0	447.04687891013043	492.0089471819444	0.0	529.5366727678489	448.8070221272173	0.0	379.0648395883019	374.08815639093973	0.0	424.40535902083633	489.01341720168193	0.0	519.9563183109019	454.9619026989227	0.0
38	0.31666666666666665	368.1865305974734	601.343972583168	0.0	373.1041786952387	598.6888835815618	0.0	388.534222147214	790.3952783406489	0.0	369.22609735247846	986.3514934439967	0.0	444.63485496791367	1010.1591098480257	0.0	431.5641383526482	1020.3130632903935	0.0	347.1597264137607	1007.3624027325448	0.0	366.16948068009833	597.0682326537793	0.0	372.0139808445237	787.1690864167188	0.0	363.57287089396254	978.0254645823671	0.0	439.64305017829633	1001.7532933156372	0.0	433.3667166636017	998.6124589669939	0.0	332.78991768140503	999.3045595543882	0.0	400.80408900475726	348.2749697591905	0.0	432.1700156084465	234.64045879777456	0.0	458.49972382093574	303.48351677672844	0.0	397.91809682497575	375.0912545052649	0.0	447.8193206322228	491.773067550728	0.0	530.0134690358348	448.39271798984	0.0	378.7063775681061	374.00241756493403	0.0	424.4309550501517	488.841227636845	0.0	520.2957581983449	454.69565718223487	0.0
39	0.325	368.1402758284293	601.5152135761657	0.0	373.1685534668794	598.7939254900997	0.0	389.05678279514063	790.6166180330528	0.0	369.3938007198732	986.6218285070429	0.0	444.78195553420437	1010.121843349647	0.0	431.6908235442404	1020.385825542742	0.0	347.43119579708946	1007.5740195918376	0.0	366.04034002646335	597.142471618308	0.0	372.2703455390342	787.2968465960897	0.0	363.43267112852914	978.2457098713221	0.0	439.63959869896803	1001.7765313406233	0.0	433.30874739197367	998.7002866830736	0.0	332.8822955193657	999.5106666711138	0.0	400.74784077777747	348.2194354592821	0.0	431.8804424932735	234.48313852441058	0.0	458.34791853388145	303.3548078103067	0.0	398.065278364614	375.020213042521	0.0	448.59826331768204	491.50969500170885	0.0	530.4983412273942	447.93453197516504	0.0	378.39163541352116	373.9252382800362	0.0	424.5693590711832	488.6500026203301	0.0	520.701652929369	454.40830502825526	0.0
40	0.3333333333333333	368.11337419633907	601.636039029493	0.0	373.2531192920889	598.8562118622581	0.0	389.5708331183921	790.8389253964887	0.0	369.5801253839551	986.8985393599708	0.0	444.9496077744689	1010.0818060492485	0.0	431.8406584598269	1020.4520243928226	0.0	347.7078708574088	1007.7758654317263	0.0	365.9402535837621	597.175200982991	0.0	372.54358383498607	787.4170731627312	0.0	363.3294855467014	978.4317074033214	0.0	439.6626193142121	1001.7987336077124	0.0	433.27423224104746	998.7466024683572	0.0	333.025631464778	999.7065124779916	0.0	400.6998549163782	348.1692668086043	0.0	431.6096156311122	234.2998439820869	0.0	458.20606880671596	303.22331624493034	0.0	398.15416707658153	374.9483958930779	0.0	449.3901372116016	491.2262100420012	0.0	530.9914658627321	447.42749342844377	0.0	378.119695738203	373.8518307777769	0.0	424.82487430792287	488.43196615276446	0.0	521.1723900764666	454.08931561165906	0.0
41	0.3416666666666667	368.11413409406276	601.6911434033848	0.0	373.3746037907322	598.8630024943736	0.0	390.0979772437993	791.0564239500764	0.0	369.80652978064126	987.1738142948037	0.0	445.1463267569397	1010.0381791810255	0.0	432.03176112345585	1020.5036266079612	0.0	348.00457154289865	1007.9597451736357	0.0	365.8522781053625	597.1515534007139	0.0	372.7717968779062	787.5284650469504	0.0	363.2184059562904	978.5898994998219	0.0	439.7077952134571	1001.8106929987609	0.0	433.26348232411044	998.7442027562781	0.0	333.21502641890777	999.888467092873	0.0	400.6562024381415	348.1251797395598	0.0	431.3541791378613	234.0906246054905	0.0	458.0687664176096	303.09272176075325	0.0	398.18191321576853	374.8753980299026	0.0	450.2024877006703	490.92805262473945	0.0	531.4935828678679	446.8719328640443	0.0	377.8833494140416	373.77178923399583	0.0	425.19571138146364	488.18221452687123	0.0	521.6954345836854	453.723907232148	0.0
42	0.35	368.14517012181534	601.6748110790205	0.0	373.5360989688683	598.8118562439358	0.0	390.64268872879467	791.2618235995801	0.0	370.0794822054387	987.4324083457823	0.0	445.3726402948799	1009.994795340013	0.0	432.2668672365029	1020.5360503994189	0.0	348.328248149399	1008.1100983620954	0.0	365.77019635311376	597.0687709418231	0.0	372.94330206232866	787.6272177194135	0.0	363.08609441160957	978.7270227664447	0.0	439.77352965436654	1001.8091124867778	0.0	433.2746395321251	998.6911283076388	0.0	333.43102452940445	1000.0476057495168	0.0	400.61296746441406	348.09345373319877	0.0	431.1052815309481	233.85481997424745	0.0	457.92858862743674	302.96177703649875	0.0	398.15436393411215	374.80342677338103	0.0	451.0376172931065	490.61558730176694	0.0	532.0056285993088	446.27414068674113	0.0	377.6751317536154	373.67935141841565	0.0	425.689348706377	487.8912711337474	0.0	522.2457068024084	453.29870626163387	0.0
43	0.35833333333333334	368.199398924455	601.5930489375817	0.0	373.7324467703153	598.7101684451573	0.0	391.20570279141276	791.4447650053426	0.0	370.3984660588354	987.655633677967	0.0	445.6204326557454	1009.9541311551895	0.0	432.5337144967941	1020.5456772642511	0.0	348.67965839656915	1008.2100169822385	0.0	365.6826596267087	596.9345248712608	0.0	373.0564877812984	787.7061965057057	0.0	362.92841561702187	978.8452384764194	0.0	439.8426609731927	1001.7906807524647	0.0	433.28936700927954	998.5873306837859	0.0	333.64952932747747	1000.1687980705601	0.0	400.56555106667287	348.0798940973753	0.0	430.848029456736	233.5965473068331	0.0	457.77784770408323	302.82917116247313	0.0	398.0873484079471	374.73653563769847	0.0	451.8910935760193	490.2885781748284	0.0	532.5277674878251	445.64489976059417	0.0	377.48871711588737	373.5742573771222	0.0	426.30100082986047	487.552842576168	0.0	522.7918725716372	452.8053586293603	0.0
44	0.36666666666666664	368.261971360864	601.4633321863221	0.0	373.95845655420305	598.5709425680728	0.0	391.792048526528	791.595056017122	0.0	370.7683611012523	987.8316305771302	0.0	445.8804903109684	1009.912129816197	0.0	432.81998404580935	1020.5282428876898	0.0	349.06023603023243	1008.2514117769219	0.0	365.56518817405413	596.7631936312378	0.0	373.08343993831517	787.7590278853403	0.0	362.7321191644175	978.94701496606	0.0	439.8832603014699	1001.7490342813433	0.0	433.2764394251106	998.4346798080151	0.0	333.8573505328729	1000.2401476399151	0.0	400.51031929497634	348.0824465039135	0.0	430.56840672174576	233.32973222292551	0.0	457.61100839864537	302.6970217058537	0.0	398.0021035963335	374.6763259250435	0.0	452.7582101678861	489.9499143366319	0.0	533.061015200872	444.9959283525783	0.0	377.316984574514	373.4561792264725	0.0	427.0039696227198	487.16947204981227	0.0	523.3109630012767	452.2388522686284	0.0
45	0.375	368.3187662705704	601.3091304503364	0.0	374.2027902654411	598.4080554608154	0.0	392.395436559006	791.7059789558825	0.0	371.18703054210977	987.9567795054681	0.0	446.1433110794452	1009.8641020570586	0.0	433.11486419086856	1020.481488367268	0.0	349.46549055779656	1008.2355640420265	0.0	365.4016764438983	596.5734405638191	0.0	373.0088399758593	787.7848007834218	0.0	362.497422064571	979.0375374648381	0.0	439.8718671226064	1001.6804715731379	0.0	433.21132970123125	998.2411621501846	0.0	334.0479089179784	1000.2604311215227	0.0	400.4463229672978	348.09264649440206	0.0	430.25837439238467	233.0711824194709	0.0	457.42450638896	302.5663346138597	0.0	397.9147499917524	374.61978019990124	0.0	453.6377349425298	489.6001651691068	0.0	533.6087003592838	444.33540039537166	0.0	377.15557829781875	373.3259539834665	0.0	427.788800037638	486.7432113252962	0.0	523.8009127888112	451.59628788735614	0.0
46	0.3833333333333333	368.36468952506146	601.1512501435589	0.0	374.4444885101386	598.2325535051342	0.0	392.9953100530608	791.7714663178315	0.0	371.63522359691825	988.0269918984924	0.0	446.39604850010465	1009.812923659789	0.0	433.40321910514666	1020.4059902837296	0.0	349.8817772483207	1008.167500978022	0.0	365.19828389228377	596.3820644943297	0.0	372.8619277860173	787.7849325794552	0.0	362.24496221663924	979.1177926350389	0.0	439.8009503052934	1001.5872165268004	0.0	433.084218313774	998.0212655452516	0.0	334.2080941035414	1000.235468189083	0.0	400.3748255966868	348.1016469169829	0.0	429.9138040598704	232.83166475859107	0.0	457.21626732366417	302.43423592194074	0.0	397.83089498715407	374.5610862592735	0.0	454.52605206791054	489.2323728092948	0.0	534.172418588608	443.66678456842925	0.0	377.00939579523464	373.19096987698674	0.0	428.69005131219984	486.2714701857387	0.0	524.2774588358669	450.88138923861874	0.0
47	0.39166666666666666	368.40178751359184	601.0049556445083	0.0	374.66715768694286	598.0540892042137	0.0	393.5774399811815	791.7826097441513	0.0	372.09405491138574	988.033674587629	0.0	446.6243029709342	1009.764763253937	0.0	433.67073556808197	1020.3022821902412	0.0	350.30075209508385	1008.0522467409378	0.0	364.96615215307827	596.2008045818154	0.0	372.67274262995	787.7555992806076	0.0	361.9794669863059	979.17946744963	0.0	439.6628014373834	1001.4719742187307	0.0	432.8918668368053	997.789559348578	0.0	334.3203872776822	1000.1714246114091	0.0	400.2958928724908	348.1023747284074	0.0	429.53082982735896	232.61810235085545	0.0	456.9864741609844	302.29873859807725	0.0	397.75201588897954	374.4940647399086	0.0	455.4110122656902	488.8372639299918	0.0	534.7456420323289	442.9917269329433	0.0	376.8897099159497	373.0637364032298	0.0	429.7491177930582	485.7583718261893	0.0	524.759644005019	450.10858564723975	0.0
48	0.4	368.43187514267856	600.8826378380965	0.0	374.86893552638384	597.8863594854214	0.0	394.1395641131929	791.7309201945136	0.0	372.5579482214338	987.9704273540468	0.0	446.8135506642714	1009.7199109080088	0.0	433.90877131732276	1020.1706310520387	0.0	350.7252072764957	1007.894228080397	0.0	364.7098349356342	596.0401028972062	0.0	372.4360873708623	787.6883153378675	0.0	361.67534852931965	979.2102791531637	0.0	439.4459221636405	1001.3353448325684	0.0	432.6345248186034	997.5572978782462	0.0	334.37487461110425	1000.0744995044221	0.0	400.206664978262	348.0906553784466	0.0	429.10546020075464	232.43732727202203	0.0	456.7380741132134	302.1614207192847	0.0	397.6819097094718	374.41476943597524	0.0	456.2755390543034	488.4091857517831	0.0	535.3162298295604	442.30972795655316	0.0	376.805559925872	372.9562399416344	0.0	430.97448102545457	485.2196174506387	0.0	525.2648788137101	449.2983177274037	0.0
49	0.4083333333333333	368.45626846591114	600.7921036623871	0.0	375.05002961218213	597.7485748064726	0.0	394.6677654866685	791.6159349241688	0.0	373.01608211815056	987.8407591246585	0.0	446.9469485884316	1009.6740732601586	0.0	434.10755982161214	1020.0159264889795	0.0	351.14876975172325	1007.6982565226896	0.0	364.44327027499855	595.9124127472974	0.0	372.1532548761127	787.5812544810353	0.0	361.3191606969062	979.2037749327505	0.0	439.15569146752	1001.1829939895796	0.0	432.3251929792459	997.3355924603873	0.0	334.369755017455	999.9526429192009	0.0	400.1045440744746	348.0681660322341	0.0	428.63497808553757	232.28897689888055	0.0	456.47636916141187	302.02276807067017	0.0	397.62309467283734	374.32490677940234	0.0	457.1066043663715	487.9426639125747	0.0	535.8777632501524	441.61273714605727	0.0	376.7613195405878	372.87824666174396	0.0	432.3572313992429	484.66895184446025	0.0	525.8151374057009	448.4683761647427	0.0
50	0.4166666666666667	368.4784259343038	600.7344235734113	0.0	375.20048239113834	597.660606021377	0.0	395.1254292004805	791.4524861115596	0.0	373.4368966158111	987.6601639930321	0.0	447.00891910171737	1009.6269185798468	0.0	434.2534656539445	1019.8512947768953	0.0	351.54138338612626	1007.4736884965457	0.0	364.1978789808131	595.8321196561975	0.0	371.87052884474633	787.4499041958319	0.0	360.9400704142982	979.1660400937816	0.0	438.8241762484939	1001.0312266630508	0.0	431.99688246775054	997.1366257841809	0.0	334.3031092741291	999.8185802964801	0.0	399.9891812971232	348.04111883674915	0.0	428.11865854381335	232.15998390645055	0.0	456.2080560036228	301.8802599151324	0.0	397.5733773643929	374.2313111995148	0.0	457.8995247826992	487.4294284472924	0.0	536.4337638006649	440.8853131937649	0.0	376.75672541023306	372.83573946059727	0.0	433.89121922136377	484.1094373891505	0.0	526.4353320066529	447.6296446386736	0.0
51	0.425	368.5001516676277	600.7083478423284	0.0	375.3098174723776	597.635639120534	0.0	395.47961432641176	791.2707487553349	0.0	373.7847952681113	987.4535676108836	0.0	446.9938633759446	1009.5863386636826	0.0	434.33794892784306	1019.6958408356888	0.0	351.86505660471767	1007.2395939572436	0.0	364.0021129903486	595.8108613557521	0.0	371.64352706329737	787.3236699013403	0.0	360.5790100323774	979.1152744145718	0.0	438.4885134032953	1000.9007130481565	0.0	431.6930815409924	996.9717358120847	0.0	334.17458344010174	999.6945281802937	0.0	399.8612438963241	348.013238932732	0.0	427.5581862992122	232.03514811856755	0.0	455.94018188159055	301.73525446353085	0.0	397.5309114882628	374.14024802170337	0.0	458.6553157957946	486.8659044536762	0.0	536.9893429563695	440.1125823226535	0.0	376.7847198505104	372.8263054656462	0.0	435.55493819290547	483.54540488317747	0.0	527.1419220239237	446.7843551778347	0.0
52	0.43333333333333335	368.52001120847586	600.712522247679	0.0	375.3803017063522	597.6737613461383	0.0	395.72901856211496	791.1040874344641	0.0	374.0402748130598	987.247720933829	0.0	446.9077939854872	1009.565093893589	0.0	434.36412557836826	1019.569150875297	0.0	352.0952564108791	1007.0224418540254	0.0	363.86482194454555	595.849122166886	0.0	371.49400134359416	787.2301662301686	0.0	360.24897320402096	979.0732738554344	0.0	438.1671069616339	1000.8043581684055	0.0	431.4422729528811	996.8494677647695	0.0	333.9907355720826	999.6064328970351	0.0	399.72282065205115	347.98207700420676	0.0	426.9591502780442	231.9091937402524	0.0	455.6790501540706	301.59674389950266	0.0	397.4975203827368	374.0529773847067	0.0	459.376635002799	486.2593861501318	0.0	537.5453171857006	439.28476489175694	0.0	376.83243238088403	372.83987982904256	0.0	437.2986035476941	482.9911414205217	0.0	527.9366071587726	445.92514426032983	0.0
53	0.44166666666666665	368.5403791467938	600.7428370463215	0.0	375.4222316291573	597.7628123912103	0.0	395.8954327219534	790.9775802100992	0.0	374.1959434712943	987.0637859577645	0.0	446.7672178142029	1009.574727967907	0.0	434.345268470192	1019.4878140662876	0.0	352.2204829900611	1006.8474881681857	0.0	363.78620096744595	595.9369032907945	0.0	371.4217773858229	787.1865841428895	0.0	359.9435894618313	979.0561763945635	0.0	437.86973778929007	1000.7431061700888	0.0	431.24672218463587	996.7737409324966	0.0	333.7594418384705	999.569437446033	0.0	399.577473747144	347.94362574191666	0.0	426.3339782627683	231.78246737855895	0.0	455.4294551975795	301.4744995384118	0.0	397.4737809980294	373.9661557801768	0.0	460.0681468299806	485.6205109160695	0.0	538.1016300788962	438.3949319247796	0.0	376.8857749809946	372.86582944540737	0.0	439.06531412025737	482.4592605602456	0.0	528.8082952643131	445.0399051366841	0.0
54	0.45	368.569878443265	600.7940993946464	0.0	375.4437901960166	597.8875878175979	0.0	395.99748709342083	790.9107779300542	0.0	374.2494103012939	986.9192422411624	0.0	446.6035838173533	1009.6230101784051	0.0	434.3024440234752	1019.465585334027	0.0	352.2365965492433	1006.7323022319567	0.0	363.76932956582135	596.0643984169265	0.0	371.4241201937419	787.2050268037938	0.0	359.66576201191566	979.0727707572506	0.0	437.6209703659138	1000.7125179178578	0.0	431.1007829474781	996.7436506486442	0.0	333.4871034249333	999.582734325938	0.0	399.4277968551462	347.89773034336804	0.0	425.7018391659191	231.65352086769568	0.0	455.1940882002849	301.37198235874524	0.0	397.45609637531123	373.8748962014069	0.0	460.7406714840235	484.95363068767466	0.0	538.6596249281528	437.43546159358465	0.0	376.9324219929143	372.89653408731283	0.0	440.8112552656529	481.95107557215465	0.0	529.7373912687644	444.11810322144976	0.0
55	0.4583333333333333	368.61494731113015	600.864339682592	0.0	375.45453350347736	598.034829192055	0.0	396.0551219803928	790.9229165410285	0.0	374.21897925215586	986.8324793403306	0.0	446.4622378037071	1009.7134792564806	0.0	434.26630944178976	1019.510722110284	0.0	352.1614513579221	1006.6847892654384	0.0	363.80667492571877	596.2239358312185	0.0	371.47304260596553	787.2936012948555	0.0	359.4164641236829	979.1277994737434	0.0	437.4470593923497	1000.706723746029	0.0	431.0008972412877	996.7524413969043	0.0	333.18873454764025	999.6372125795767	0.0	399.2754602497052	347.8455283098095	0.0	425.0808500906233	231.5239866243066	0.0	454.9730699287251	301.2855477895338	0.0	397.4425499956997	373.7739085141998	0.0	461.41237147837825	484.2597844428777	0.0	539.2199024933882	436.3977970651663	0.0	376.96157908111826	372.92587782631824	0.0	442.5002945259127	481.4639803319157	0.0	530.7027258413558	443.1486344681067	0.0
56	0.4666666666666667	368.67491486056724	600.9544409560771	0.0	375.4711310621569	598.1917867575772	0.0	396.1075842848304	791.0268563440754	0.0	374.1523097440696	986.8176930927453	0.0	446.38632909051444	1009.843736762887	0.0	434.2731896612911	1019.6186913137778	0.0	352.04265080221495	1006.7031529776309	0.0	363.8696053623562	596.404120733154	0.0	371.503444601704	787.4476854499039	0.0	359.1712076688324	979.2217089964015	0.0	437.34680696687997	1000.7151849160861	0.0	430.9334464616814	996.7854149783883	0.0	332.89088282808405	999.7221031822023	0.0	399.1243702837036	347.7837479191484	0.0	424.4802360338149	231.40366503700432	0.0	454.76411405778765	301.20708533108433	0.0	397.43736438173863	373.65640213191114	0.0	462.1045544672072	483.54364017087937	0.0	539.7809169802225	435.276020736468	0.0	376.9642226116063	372.9485961766857	0.0	444.0993765216075	480.99628910217655	0.0	531.6873217323043	442.1150055599783	0.0
57	0.475	368.7489554288447	601.0645656006261	0.0	375.5083338357365	598.3493584810856	0.0	396.18811375906546	791.2206413823811	0.0	374.0924085637823	986.8761609179044	0.0	446.395973380484	1010.006417141315	0.0	434.3437336180517	1019.7721780686611	0.0	351.92753284892405	1006.7763916137786	0.0	363.93029911375265	596.5917605197504	0.0	371.4711251942345	787.6497662637317	0.0	358.9121554269571	979.3473641144489	0.0	437.30137252188354	1000.7266547891152	0.0	430.876106413356	996.824768925271	0.0	332.6150483177014	999.8237170746295	0.0	398.9828207129703	347.7067754720416	0.0	423.9024687405999	231.3036661865468	0.0	454.56287838989016	301.1269954276496	0.0	397.44506604762864	373.51760271389907	0.0	462.8364435052526	482.8108664997936	0.0	540.338266333895	434.06939527555716	0.0	376.9363580676368	372.96139340665997	0.0	445.5932873146505	480.5386111093154	0.0	532.675147355797	440.99911684999125	0.0
58	0.48333333333333334	368.8409275730447	601.1915683764902	0.0	375.5695240627533	598.5048632263643	0.0	396.2937430842895	791.4868313616246	0.0	374.04762502837417	986.9954102443968	0.0	446.4826999621461	1010.1930862252531	0.0	434.46769152943494	1019.9500906552872	0.0	351.8354362687851	1006.8871541130025	0.0	363.9829322775444	596.7761684762932	0.0	371.40254150586816	787.8788689179217	0.0	358.66614887434326	979.4903814061842	0.0	437.2979826101121	1000.7377229579814	0.0	430.8135279741856	996.8587133884414	0.0	332.36552654867694	999.9253318046898	0.0	398.8628685455316	347.61317460985714	0.0	423.3488402172989	231.22809564230712	0.0	454.3646435608796	301.0358391323261	0.0	397.46470301529297	373.3620169183819	0.0	463.62149470762824	482.0640616458917	0.0	540.8845006130132	432.78128486183465	0.0	376.88077916556614	372.9629932922168	0.0	446.9942468830216	480.0724329388624	0.0	533.648022238379	439.7889701265059	0.0
59	0.49166666666666664	368.9523381248182	601.3296691997108	0.0	375.65352880884615	598.6561453819406	0.0	396.4128346935484	791.7970380382926	0.0	374.0146545677968	987.1513621810624	0.0	446.6236258099739	1010.3960001779457	0.0	434.61988435129433	1020.1325292877883	0.0	351.77103224511865	1007.0120798076541	0.0	364.0294586168528	596.9472225854789	0.0	371.35329600404543	788.1119523896239	0.0	358.47486063795674	979.6296531416405	0.0	437.32138490860024	1000.7477967507464	0.0	430.73805972589753	996.8813781048138	0.0	332.1421616801851	1000.0093161936277	0.0	398.77653710451636	347.50533728565813	0.0	422.81779976365874	231.17607901640088	0.0	454.1675568486871	300.9274915159029	0.0	397.4943497065507	373.2029145863648	0.0	464.4651337127268	481.3082710946651	0.0	541.4109410921137	431.4152438443527	0.0	376.8050774076857	372.9518208810887	0.0	448.33182115892834	479.5844870342072	0.0	534.5922531290416	438.4796775596981	0.0
60	0.5	369.0778153555155	601.4729078441597	0.0	375.7633637222058	598.796346154481	0.0	396.55783868855286	792.1171986780436	0.0	374.0079080299841	987.3075118123579	0.0	446.7974680354813	1010.6067657656073	0.0	434.7816966039567	1020.3006503959069	0.0	351.74484833530875	1007.1170104006746	0.0	364.06248620073353	597.0940193515444	0.0	371.35308004691007	788.3204714357934	0.0	358.35415369885163	979.7355531937676	0.0	437.34379865871995	1000.7501376375455	0.0	430.6423214212669	996.8857467927124	0.0	331.95374149746397	1000.0533575275593	0.0	398.7306007061189	347.3847549883371	0.0	422.3023923685996	231.1459543453113	0.0	453.97264002842047	300.8026084191142	0.0	397.53555305526936	373.05215583357835	0.0	465.3641434054056	480.5552090638241	0.0	541.9091881020713	429.9707206971571	0.0	376.7195935076675	372.9228363895866	0.0	449.6377515460439	479.0737660100739	0.0	535.5021745470203	437.07242639234505	0.0
61	0.5083333333333333	369.2116724429789	601.6159484776358	0.0	375.90171566335727	598.9165989666892	0.0	396.7447346671512	792.411833794329	0.0	374.04475361161013	987.4204584560246	0.0	446.9880733309624	1010.813340326405	0.0	434.93945725928256	1020.4391847969005	0.0	351.76535486046674	1007.1620366852875	0.0	364.0777197427212	597.20878741058	0.0	371.411690627766	788.476906614264	0.0	358.3038625406333	979.7751835988425	0.0	437.34702447610806	1000.7365960283411	0.0	430.5222275127402	996.862779982054	0.0	331.8082024389527	1000.0298900880694	0.0	398.72321564033854	347.25290077056195	0.0	421.7956442825522	231.13335326675036	0.0	453.77948882666686	300.66476411138484	0.0	397.58888658700914	372.91309143100193	0.0	466.30903115428555	479.8161780456937	0.0	542.3726274028614	428.4443068123198	0.0	376.6335295232549	372.8690271993734	0.0	450.9359338586372	478.5394742130117	0.0	536.3731567270372	435.579749651391	0.0
62	0.5166666666666666	369.35104950357766	601.7549494982828	0.0	376.06333130885827	599.0117890029032	0.0	396.96285821075503	792.6505849921218	0.0	374.1187550423573	987.4578389212927	0.0	447.1778298508397	1011.00053769319	0.0	435.0756350903402	1020.5415625853734	0.0	351.8242916273453	1007.1213507959376	0.0	364.08741196759934	597.29104921479	0.0	371.53786909723317	788.5653650203241	0.0	358.3301269420375	979.7271194663323	0.0	437.3400543975384	1000.707145699744	0.0	430.38129995298493	996.8070027568491	0.0	331.7012323816303	999.9201840830364	0.0	398.7450994607411	347.1145169379122	0.0	421.29544831107546	231.13130457031906	0.0	453.5839357433024	300.51458919421526	0.0	397.6500265561206	372.78379186768933	0.0	467.288550378965	479.0946656740561	0.0	542.7998983495069	426.83612436302894	0.0	376.54929377209993	372.7876887129974	0.0	452.23759202976987	477.9718920279966	0.0	537.1979666160847	434.02869960362125	0.0
63	0.525	369.49004993158417	601.8876382955447	0.0	376.2385968810825	599.0820262184262	0.0	397.188378783505	792.8180445889784	0.0	374.2093263139298	987.4142764494011	0.0	447.34285624433505	1011.1563032475367	0.0	435.1740851542528	1020.6128227270409	0.0	351.9078873669448	1006.99723431513	0.0	364.1046551645826	597.3445645168383	0.0	371.7272288661273	788.5820886154762	0.0	358.43357237160325	979.5939523064112	0.0	437.3362485865958	1000.6696539596679	0.0	430.22192110265473	996.720246360771	0.0	331.62269904280225	999.7306495990756	0.0	398.7853767246176	346.9746642490478	0.0	420.8001643305658	231.13556653334157	0.0	453.3796092955297	300.35377836248034	0.0	397.71312369968354	372.6625788528819	0.0	468.2925071670926	478.38763042874956	0.0	543.1952847819607	425.1544189968051	0.0	376.4622640282572	372.68240078609625	0.0	453.5406835131176	477.36312068656076	0.0	537.9720044932365	432.45271398598874	0.0
64	0.5333333333333333	369.61849549332254	602.0085833324976	0.0	376.4201495728261	599.1279971316825	0.0	397.41307038991937	792.91811177158	0.0	374.3078007882395	987.3088519482052	0.0	447.4573583802649	1011.2742599776482	0.0	435.22850409123055	1020.6662198429817	0.0	352.0154874671192	1006.8143381409196	0.0	364.12450231919587	597.369764906243	0.0	371.9520098475166	788.5321799831717	0.0	358.58696542178063	979.4012034086766	0.0	437.32627436249453	1000.6314756387826	0.0	430.0351204618862	996.6104227620305	0.0	331.56389157164665	999.4926082519237	0.0	398.835715496383	346.83514669053307	0.0	420.3029433979824	231.1459222990169	0.0	453.1598285840481	300.18992948719904	0.0	397.77417316749444	372.549746035878	0.0	469.31275613441676	477.68938186768804	0.0	543.5653208927872	423.4163519637788	0.0	376.36501058712236	372.5601877342888	0.0	454.8337778054465	476.7178238416274	0.0	538.6960392549322	430.8796058047909	0.0
65	0.5416666666666666	369.7293197745891	602.1076695140688	0.0	376.5979428614715	599.1503035979225	0.0	397.63723405037877	792.9715942132524	0.0	374.4137553539734	987.1720023113958	0.0	447.5032382740914	1011.3497423233218	0.0	435.2408212939875	1020.7147256871532	0.0	352.1511462602213	1006.606651455014	0.0	364.1364604744775	597.3662928177882	0.0	372.1865466405492	788.4378021419583	0.0	358.75123170761805	979.1863358330108	0.0	437.2927382405441	1000.5955431500113	0.0	429.8117082442074	996.4886513760277	0.0	331.51512279328125	999.2468421220062	0.0	398.88792683549457	346.6990856184118	0.0	419.79622259814334	231.1599476588018	0.0	452.9187481855609	300.02949864850103	0.0	397.82862382651666	372.449029604299	0.0	470.34339340455426	476.99287533438365	0.0	543.917825828475	421.647495132608	0.0	376.2501759979628	372.4314442722246	0.0	456.10254467343805	476.044925482221	0.0	539.3719296782757	429.32778089355776	0.0
66	0.55	369.82264910653055	602.1778799403439	0.0	376.7552576817868	599.1567168992218	0.0	397.8526660052302	793.012693100788	0.0	374.52026532716224	987.0369021459984	0.0	447.47930938874833	1011.3784093347324	0.0	435.2192775070212	1020.7645091645754	0.0	352.31010400104395	1006.4101188438914	0.0	364.14148414654915	597.3434968304367	0.0	372.4251057839203	788.3452479001357	0.0	358.8990852721286	978.9890960079978	0.0	437.23453557201066	1000.5631539833582	0.0	429.5591876760891	996.3657162805715	0.0	331.46650649384367	999.0290572120891	0.0	398.93088428638845	346.574786506892	0.0	419.27984287365155	231.16857980144164	0.0	452.652972420342	299.8705404993173	0.0	397.8699672083696	372.36808229030123	0.0	471.3782231271017	476.2918771976946	0.0	544.2622460329368	419.87989529593966	0.0	376.11171278370085	372.31047040642324	0.0	457.3340955097973	475.3491355542981	0.0	539.9987704480337	427.81091656939964	0.0
67	0.5583333333333333	369.9001333757061	602.220724092677	0.0	376.88058661948907	599.1619807762291	0.0	398.0589573732657	793.0780248635593	0.0	374.6258837092107	986.9336871101597	0.0	447.4077141005751	1011.3573287342494	0.0	435.18319975996127	1020.8142966738886	0.0	352.48923993885705	1006.2570130142487	0.0	364.13701717433077	597.317468240096	0.0	372.6497384260676	788.3048167319625	0.0	358.9953962798419	978.8423608108881	0.0	437.15416685806724	1000.5305191141376	0.0	429.29105854363144	996.2443249395008	0.0	331.4153624347758	998.864747537952	0.0	398.9533283460376	346.46968726576085	0.0	418.7561193083069	231.16044450109342	0.0	452.363557073638	299.70848305298745	0.0	397.89675291235636	372.31357294045887	0.0	472.4082333614592	475.5844529535044	0.0	544.6080984307799	418.1429136685559	0.0	375.94508241541524	372.210819577865	0.0	458.5192605793105	474.63811967829736	0.0	540.5763775829366	426.33965210982456	0.0
68	0.5666666666666667	369.95900620958986	602.242580070347	0.0	376.97919724793525	599.1769033786002	0.0	398.28086955351915	793.1886093391556	0.0	374.74653619998935	986.881749157937	0.0	447.32894740852936	1011.2853960663961	0.0	435.1619136883395	1020.8596567591343	0.0	352.69416307347274	1006.1681876979637	0.0	364.1015930705377	597.2974147617265	0.0	372.8092935496579	788.3391324652223	0.0	358.98290113719895	978.7608106287219	0.0	437.03858352919565	1000.4812083777776	0.0	429.0037945197483	996.1149294797953	0.0	331.36617881365436	998.7676225455203	0.0	398.94920322061597	346.3854446724936	0.0	418.2198820266372	231.12492240838083	0.0	452.0559877117006	299.5447640949653	0.0	397.91926407381004	372.28417959882603	0.0	473.4224925802904	474.87098814818887	0.0	544.963668027249	416.45052668716556	0.0	375.7472078533446	372.1400316878982	0.0	459.6541808091266	473.92727847381775	0.0	541.1109771215762	424.91770087128606	0.0
69	0.575	369.99582526425917	602.2496946804321	0.0	377.06726511768215	599.203994663516	0.0	398.5478597480695	793.3426762037786	0.0	374.89349753635275	986.8836101785525	0.0	447.2769198768586	1011.1670424152675	0.0	435.1766947491303	1020.8994329080987	0.0	352.9204291676394	1006.1479143461855	0.0	364.01544152102656	597.2846489028587	0.0	372.86364744911384	788.4389435398671	0.0	358.825216738198	978.7374867016798	0.0	436.8762510996341	1000.3927185445308	0.0	428.6794123712555	995.9652207308999	0.0	331.3180835365584	998.7366612862443	0.0	398.9185575722384	346.320624879459	0.0	417.66489002314347	231.04827284509804	0.0	451.73745984840036	299.38440115682744	0.0	397.95343311309057	372.26815879788194	0.0	474.4103659152802	474.1479530894669	0.0	545.3357234065123	414.80200225624304	0.0	375.517546828019	372.10019943453636	0.0	460.73988577620304	473.23210104603265	0.0	541.6119551790108	423.5431696457011	0.0
70	0.5833333333333334	370.01300100718186	602.246699245321	0.0	377.1598886276314	599.2423843536537	0.0	398.8642348670837	793.5243762769315	0.0	375.05203744632627	986.9279014362764	0.0	447.2598065698306	1011.0147221519841	0.0	435.2269016449526	1020.9375879705541	0.0	353.14125477724275	1006.1864442181671	0.0	363.88398836944896	597.2808602522599	0.0	372.8225190595387	788.5834509140074	0.0	358.544725561536	978.7539352600261	0.0	436.682440231918	1000.251988710032	0.0	428.3095604151192	995.7892926843247	0.0	331.2601153288521	998.7564602095623	0.0	398.86409452324153	346.2699863335122	0.0	417.0965173893957	230.9176949900512	0.0	451.41485401244387	299.2284157916549	0.0	398.0100549454265	372.2469594033645	0.0	475.3649556884625	473.4078265854015	0.0	545.7279572229946	413.19343675649276	0.0	375.25910350368275	372.09008853118564	0.0	461.7832718752155	472.56221984992345	0.0	542.0847689430846	422.2118033459785	0.0
71	0.5916666666666667	370.0177433688277	602.2373137490395	0.0	377.26952584349806	599.2896180765867	0.0	399.21059966701415	793.7155100299094	0.0	375.1991900559224	987.0016671206041	0.0	447.2740862654242	1010.8450383642058	0.0	435.30500648008166	1020.9789090415292	0.0	353.3280635966709	1006.2675339006133	0.0	363.72641548213113	597.2872741815837	0.0	372.7154342432266	788.7538350577374	0.0	358.19121716810884	978.7935015233962	0.0	436.490059627719	1000.0593010627018	0.0	427.90903542305347	995.5854798746063	0.0	331.18461944841545	998.8054973658387	0.0	398.789644096466	346.22026792692253	0.0	416.52954377971633	230.73517341577355	0.0	451.0952831899655	299.073208246513	0.0	398.0935490927926	372.2012846054191	0.0	476.2870133006192	472.64576516820176	0.0	546.1376189809985	411.6206478573187	0.0	374.97907018784406	372.10403562147656	0.0	462.7980114366618	471.92144750475404	0.0	542.5314786350259	420.9122064140696	0.0
72	0.6	370.0178600914243	602.2239531885857	0.0	377.40860219056776	599.3405200291136	0.0	399.5607235297227	793.9008645385591	0.0	375.3284021253076	987.0990063272423	0.0	447.3236195130159	1010.6748923568044	0.0	435.4156204485091	1021.0256330931608	0.0	353.4738862283463	1006.3747097936721	0.0	363.5555551845032	597.2995645727406	0.0	372.55660286152283	788.9340807200041	0.0	357.79837270266495	978.848059569875	0.0	436.32712609725723	999.8232825976975	0.0	427.51014467490376	995.3559636139212	0.0	331.097533090112	998.8665782613253	0.0	398.702620845835	346.1549769315154	0.0	415.98063631382496	230.5216154914871	0.0	450.7864825608318	298.9153332739499	0.0	398.20578072014126	372.116715314885	0.0	477.1852339085751	471.86296091928745	0.0	546.5531026419626	410.07633292475714	0.0	374.68936964102613	372.1317818042926	0.0	463.7988141154432	471.3057497697709	0.0	542.954118831903	419.62444125412867	0.0
73	0.6083333333333333	370.02185984271614	602.2063578693234	0.0	377.5813397343541	599.3911727175664	0.0	399.87813252336974	794.0683970989778	0.0	375.4386266106909	987.2173559639643	0.0	447.4141932304826	1010.5200095027362	0.0	435.56715013083533	1021.0784178023351	0.0	353.5846329388251	1006.4951028709986	0.0	363.38405283404893	597.3111544394225	0.0	372.3651143811617	789.1142475033944	0.0	357.3950352208808	978.9169885437713	0.0	436.2195611064879	999.560407033433	0.0	427.1541968190139	995.1120169205561	0.0	331.0136348291324	998.9293210486338	0.0	398.61452453889916	346.06683663971444	0.0	415.46839154842894	230.30556242102324	0.0	450.4959315396138	298.7537110227303	0.0	398.34403968776877	371.9883738956753	0.0	478.0728060175136	471.06281601515843	0.0	546.9558630736476	408.5559302390719	0.0	374.4060273627047	372.1626942892233	0.0	464.7981244576724	470.7004208713384	0.0	543.3535640423992	418.3300884440552	0.0
74	0.6166666666666667	370.0387659661682	602.1832778157607	0.0	377.7750511005832	599.4413595486659	0.0	400.1131176342193	794.2094548458573	0.0	375.51447784892383	987.3517853912548	0.0	447.5406768549387	1010.3934862058678	0.0	435.7555284986774	1021.1391758702282	0.0	353.6595993776424	1006.6218451836481	0.0	363.2345440348882	597.3178115071845	0.0	372.1834244410089	789.2936195912442	0.0	357.0233454638983	979.0025122280978	0.0	436.1948637584682	999.2948072264826	0.0	426.88092247116936	994.8745608912739	0.0	330.9465696915627	998.9879751666666	0.0	398.53581759342745	345.96298797286624	0.0	415.0090790775801	230.11118638062567	0.0	450.2299148900034	298.58936467509477	0.0	398.4990942863269	371.82224548382726	0.0	478.9620614659055	470.2456682428803	0.0	547.3261947720613	407.0629881386201	0.0	374.1453775647352	372.19054815363495	0.0	465.8099464554271	470.0858840439603	0.0	543.7265321147916	417.02053051144	0.0
75	0.625	370.0721030375579	602.1541808660245	0.0	377.9720923095412	599.4864018194903	0.0	400.235544611945	794.3198381143136	0.0	375.5425075604734	987.4974562402792	0.0	447.6894724556324	1010.3041208589563	0.0	435.96839488599323	1021.2104985420258	0.0	353.70015633290296	1006.7551509228175	0.0	363.12034586039175	597.3141333816026	0.0	372.03780103070903	789.4708878813146	0.0	356.70634683694993	979.108579398147	0.0	436.25608706861175	999.0490122908689	0.0	426.706108539849	994.6653140991813	0.0	330.9021419377066	999.0433372807986	0.0	398.47020738948635	345.8570560196518	0.0	414.6043559150702	229.95781274976898	0.0	449.9915630269419	298.42725973941987	0.0	398.66340663711134	371.63125429330586	0.0	479.85906310433927	469.4080462179087	0.0	547.648667896861	405.6010687174327	0.0	373.91398208498236	372.212611980268	0.0	466.8446766910641	469.44967257368194	0.0	544.064264626481	415.6952558844124	0.0
76	0.6333333333333333	370.1164890977201	602.1175832201158	0.0	378.16565200396263	599.5117635860388	0.0	400.25983762890814	794.3993556932853	0.0	375.53350123152893	987.6530281825718	0.0	447.8492808744041	1010.2552219522745	0.0	436.19616672134845	1021.2924457819153	0.0	353.7264911206486	1006.9010909371237	0.0	363.0272180196505	597.2913634995125	0.0	371.90744839710464	789.6342582656195	0.0	356.4215208929514	979.241038695079	0.0	436.3685188789043	998.8358669930818	0.0	426.61042561664067	994.4974398243498	0.0	330.8781030604355	999.1041356638192	0.0	398.4139467698395	345.75940014279087	0.0	414.23945822549615	229.86147068084236	0.0	449.7796402346116	298.2757568622628	0.0	398.8381572987165	371.4291358227965	0.0	480.7626974638317	468.54639961746426	0.0	547.9149805772875	404.16547532142636	0.0	373.70233582188314	372.2245355320601	0.0	467.8992402517643	468.7875583482822	0.0	544.356001972025	414.3540701124722	0.0
77	0.6416666666666666	370.1642526779586	602.0706689236192	0.0	378.3512815653971	599.5026588170734	0.0	400.21253486487234	794.4501168136958	0.0	375.5017417007108	987.8195997877982	0.0	448.00979499818817	1010.2472040819645	0.0	436.4272248950386	1021.3834942858666	0.0	353.7610089204693	1007.0679696975329	0.0	362.9375621429778	597.2447293467443	0.0	371.7679205581381	789.7698261294075	0.0	356.13973138878595	979.4037738749731	0.0	436.4906594102666	998.6655822696663	0.0	426.5619378154491	994.3796500610418	0.0	330.8682858132407	999.1823684151619	0.0	398.35970257355433	345.67586976743445	0.0	413.8958108801553	229.82558302633464	0.0	449.5901705834849	298.1381398665888	0.0	399.0262332071103	371.2266069711778	0.0	481.6711224074092	467.6611124617003	0.0	548.1241308760036	402.7462526212602	0.0	373.4961444799319	372.2201147494927	0.0	468.96740745578995	468.0909113675533	0.0	544.5978677271344	412.9886285864379	0.0
78	0.65	370.21136401594225	602.0118827121519	0.0	378.51508902267193	599.4551670760441	0.0	400.0993703198231	794.4747787738564	0.0	375.4395757925505	987.9977787062435	0.0	448.1552905289075	1010.2814135981704	0.0	436.6424385667542	1021.4817395811673	0.0	353.80326103230465	1007.2595517182242	0.0	362.85678495941715	597.1791713174986	0.0	371.632331732694	789.8726577112084	0.0	355.8659169765368	979.5939711136015	0.0	436.59949551877247	998.5536749680467	0.0	426.537129826052	994.3226862281352	0.0	330.86508809941205	999.2853936239025	0.0	398.3004208920379	345.6094788455852	0.0	413.558977827705	229.83454826858727	0.0	449.41740545624685	298.0059986405153	0.0	399.22522966541953	371.03124656817766	0.0	482.59040022926496	466.7574305584962	0.0	548.2820576307683	401.3317716697587	0.0	373.2885723732309	372.19644404371553	0.0	470.05517163634437	467.34015983061533	0.0	544.7967532011072	411.579804959522	0.0
79	0.6583333333333333	370.25449226371387	601.9419853449576	0.0	378.6460191190734	599.3753743425709	0.0	399.93097298513027	794.4743983953191	0.0	375.3382439878965	988.1824632282886	0.0	448.2725009822477	1010.3586283180737	0.0	436.8280569743255	1021.5824866274853	0.0	353.84107523021703	1007.4666002450903	0.0	362.7939304335817	597.1024277286766	0.0	371.5181586189039	789.9392073942314	0.0	355.61520681710573	979.8002051875769	0.0	436.67639824502913	998.5121251324493	0.0	426.50996485996865	994.3308427202059	0.0	330.8601899986865	999.4101165126076	0.0	398.23130228235283	345.55773917580075	0.0	413.21549865495285	229.8647372287791	0.0	449.2539104683765	297.8647448153489	0.0	399.434001311351	370.8495564533713	0.0	483.5358589891401	465.84148632057367	0.0	548.4029557960748	399.9084583350847	0.0	373.0747048625877	372.1543575541563	0.0	471.1672993712402	466.5151357004699	0.0	544.9606203313223	410.10401220239913	0.0
80	0.6666666666666666	370.29019200156307	601.8611289032965	0.0	378.7484814922811	599.2719338241927	0.0	399.74870089908256	794.4479875436206	0.0	375.213632194482	988.3599423285029	0.0	448.35985231966356	1010.4747030387738	0.0	436.9858089512026	1021.6790077433656	0.0	353.8729811956717	1007.6676245665964	0.0	362.74033387964755	597.0158522680769	0.0	371.4137819947556	789.9585882042184	0.0	355.38130206612556	980.0059957066818	0.0	436.6966059109853	998.540740616793	0.0	426.44749149015826	994.3968497225031	0.0	330.8483652222016	999.5451930066691	0.0	398.1517973903052	345.5124536021685	0.0	412.852271878338	229.89768671888376	0.0	449.09214627345665	297.70293259668136	0.0	399.6573522631752	370.6881079328476	0.0	484.52329494513367	464.9147351141267	0.0	548.5069005465086	398.4636969249668	0.0	372.84670501105506	372.09344021346396	0.0	472.288482408397	465.6069451849015	0.0	545.088082300751	408.54273453263704	0.0
81	0.675	370.3215161047078	601.7669675918564	0.0	378.8310297796576	599.1516641267076	0.0	399.59432207102475	794.394914115936	0.0	375.0904109222742	988.5132107127133	0.0	448.42197839900246	1010.6182077463873	0.0	437.1214458057417	1021.765514026678	0.0	353.9031239620372	1007.8413310249435	0.0	362.68989358196086	596.9174900154527	0.0	371.3083948183339	789.9235190232212	0.0	355.1579434279719	980.1962272740124	0.0	436.65059747761967	998.6359670837063	0.0	426.3369299028374	994.5154280997104	0.0	330.8330993742912	999.6783777674575	0.0	398.06530406628923	345.46771176781175	0.0	412.46260560460547	229.91948808362923	0.0	448.92531009038913	297.5151762681289	0.0	399.8954353229259	370.5509509890545	0.0	485.55779642641187	463.9738038150824	0.0	548.611814419463	396.9885801426581	0.0	372.6040800675913	372.01185361529815	0.0	473.39708588078446	464.6181948942503	0.0	545.1733316505956	406.887385925088	0.0
82	0.6833333333333333	370.3590232445207	601.6586722283246	0.0	378.89458910581595	599.0194523372023	0.0	399.4810909178193	794.3164558944509	0.0	374.98271324307314	988.631540148156	0.0	448.4637389308775	1010.7735319709981	0.0	437.23395969181337	1021.8372209132539	0.0	353.9336308762987	1007.9761943121166	0.0	362.65614280800554	596.8094228005336	0.0	371.21853482785923	789.8405256183821	0.0	354.964412180538	980.3599645766543	0.0	436.5570058491368	998.7986568108668	0.0	426.197802234297	994.692787370803	0.0	330.8273633170561	999.800547429727	0.0	397.97523980802157	345.4241675892727	0.0	412.0474924019704	229.91731306113044	0.0	448.748485512569	297.3022373258018	0.0	400.13557605928423	370.4364533955217	0.0	486.63091562380754	463.0148539422075	0.0	548.7280115171012	395.4746604197197	0.0	372.35830873521	371.91071984133083	0.0	474.4874421458894	463.55958647710537	0.0	545.2139014305017	405.1391778464835	0.0
83	0.6916666666666667	370.4116688097748	601.5411961385834	0.0	378.9426739855799	598.8794008868933	0.0	399.4187843169269	794.2160298139629	0.0	374.90850622531406	988.7175323694576	0.0	448.49574095371247	1010.9292925789435	0.0	437.32437176117594	1021.890461639168	0.0	353.9793159127447	1008.0712155803845	0.0	362.64871984412883	596.6971759013142	0.0	371.15777712982276	789.7208314415492	0.0	354.82308391175275	980.4913664052358	0.0	436.4372164398885	999.0237193672237	0.0	426.05111621851563	994.933902180259	0.0	330.8468074866649	999.9068777654768	0.0	397.88356058897904	345.3818010187988	0.0	411.6089868850814	229.8849682771071	0.0	448.56198210057306	297.0701255207054	0.0	400.3640144169167	370.3398487621851	0.0	487.7289222963127	462.0363488476992	0.0	548.8590267847754	393.912976925758	0.0	372.1194974271218	371.79365694633435	0.0	475.56304917906846	462.4470423984727	0.0	545.2044302901862	403.3066123701274	0.0
84	0.7	370.48073379604637	601.423529159892	0.0	378.99170136466415	598.73609739941	0.0	399.4395166483079	794.0988825727234	0.0	374.9008405012047	988.7854530697603	0.0	448.53778543754083	1011.0829728759186	0.0	437.4039783314377	1021.9254132537038	0.0	354.0720151612206	1008.133883344285	0.0	362.6542682433796	596.5863454819004	0.0	371.1080351689043	789.5709815150803	0.0	354.7311467146349	980.590905792339	0.0	436.2898652310885	999.2888425250746	0.0	425.891410991928	995.2259170200795	0.0	330.9004420574149	999.997948030698	0.0	397.792074319507	345.33428095350996	0.0	411.14793103513824	229.82687842908783	0.0	448.37080869361483	296.82396173225953	0.0	400.57884001815137	370.25824160078645	0.0	488.84351296725794	461.0392897254444	0.0	549.0048736514975	392.2994687331898	0.0	371.88765486791107	371.6630723358367	0.0	476.61781546635115	461.2937400105029	0.0	545.1305694366415	401.3990755492413	0.0
85	0.7083333333333334	370.5646186915287	601.3153802784442	0.0	379.0590231830305	598.596415215616	0.0	399.5713404444825	793.9698566505962	0.0	374.9831607435898	988.8493288147977	0.0	448.60804411514073	1011.2365476418585	0.0	437.4830872540525	1021.9474868218452	0.0	354.23279802095584	1008.175896887038	0.0	362.65969070905754	596.4830394017249	0.0	371.0440122670639	789.3983810616671	0.0	354.67340245247516	980.6614177722233	0.0	436.10292221884487	999.5615050048802	0.0	425.7006081037479	995.540972167078	0.0	330.9865914490735	1000.0764084507931	0.0	397.7008491269687	345.2740265794152	0.0	410.67106680965793	229.75180072970042	0.0	448.17869929188026	296.56224036091976	0.0	400.7809448126557	370.1900307293174	0.0	489.97428013156355	460.02634021307136	0.0	549.1635778054323	390.63612909071264	0.0	371.66284779081786	371.52068101193555	0.0	477.6382381218488	460.1029169285333	0.0	544.9767116622895	399.4187876349254	0.0
86	0.7166666666666667	370.66490773024924	601.2268779446299	0.0	379.1494524247743	598.4712782281716	0.0	399.8082460714896	793.8320362682895	0.0	375.14837081451014	988.912564144699	0.0	448.7128169310987	1011.3865289252234	0.0	437.5605715318855	1021.9617696861228	0.0	354.45243717508407	1008.2062008534389	0.0	362.67215530178464	596.3955875647569	0.0	370.9618590283722	789.2147348559922	0.0	354.6416175117742	980.6997477589869	0.0	435.8741994758857	999.8103996860632	0.0	425.47155252573157	995.8478567080965	0.0	331.0969695345868	1000.1393110556172	0.0	397.6053359060291	345.19870628588853	0.0	410.1941737194802	229.66697965224702	0.0	447.9860578022973	296.281226686257	0.0	400.9623262951454	370.1314406870816	0.0	491.1235828662096	459.0007036707467	0.0	549.3330564595327	388.9280948546695	0.0	371.45062877422106	371.36847654137785	0.0	478.6118074022082	458.869828796509	0.0	544.7346631824316	397.35972763696174	0.0
87	0.725	370.7823138113111	601.1686960682284	0.0	379.26351098659114	598.3742804876692	0.0	400.13322194119274	793.6904933235198	0.0	375.3809526758969	988.9716283273056	0.0	448.85238774888245	1011.5197022300723	0.0	437.6354843358003	1021.9669939160427	0.0	354.716120218637	1008.2272288288407	0.0	362.6948184545551	596.3325104620278	0.0	370.86139000284464	789.0280320300195	0.0	354.6185829588969	980.697970202049	0.0	435.6031176696499	1000.0065182490905	0.0	425.20291035395536	996.1166026545951	0.0	331.22490536507274	1000.178888372519	0.0	397.49737067548807	345.1095667077089	0.0	409.73403460776586	229.57998328576411	0.0	447.7957342544416	295.98338913136604	0.0	401.11751546779624	370.0779045854845	0.0	492.2931414972202	457.9666978923546	0.0	549.5164382524727	387.185813653344	0.0	371.2479713120874	371.20534402089055	0.0	479.5163030331033	457.5887064246407	0.0	544.4015232107788	395.21725076525126	0.0
88	0.7333333333333333	370.9100122500735	601.150626054836	0.0	379.4089843592728	598.3157781008331	0.0	400.54817772664956	793.5584272233377	0.0	375.6834064091966	989.027249877676	0.0	449.02927945343174	1011.6239386149401	0.0	437.72000503151963	1021.9614135716307	0.0	355.03312965398703	1008.2400444074725	0.0	362.7048972933366	596.2973599338558	0.0	370.724526603494	788.8417689865074	0.0	354.56248222131336	980.6571040887492	0.0	435.2781746249873	1000.1274187956386	0.0	424.88693919984775	996.3246571104294	0.0	331.36830036868207	1000.1954315099877	0.0	397.36955438753813	345.00684936584673	0.0	409.30081702195014	229.50045474319396	0.0	447.6155794063682	295.67741226353814	0.0	401.25694819229517	370.0281035459039	0.0	493.4840586335698	456.9308998824486	0.0	549.7226798964466	385.4261286796261	0.0	371.0358182190272	371.0265368375665	0.0	480.31172490143604	456.2589281167472	0.0	543.9754241938089	392.99980389969437	0.0
89	0.7416666666666667	371.0376310780236	601.1790333949111	0.0	379.59275459562457	598.2979814439211	0.0	401.0513744904041	793.4582554479342	0.0	376.059011632585	989.087878748989	0.0	449.2424027914915	1011.6985708994006	0.0	437.82986708760774	1021.9514112636674	0.0	355.4177829080998	1008.2528367926254	0.0	362.67706661897216	596.2879108447537	0.0	370.53828929247385	788.6661031595564	0.0	354.4355328162141	980.5951152498153	0.0	434.893483794305	1000.1681635039107	0.0	424.52181647822465	996.4661781146406	0.0	331.52414986678053	1000.2052949822597	0.0	397.2183333553875	344.89236264074054	0.0	408.898582270554	229.43736880710884	0.0	447.45147125721894	295.3730891680766	0.0	401.3954730566809	369.9832988386609	0.0	494.6941084242625	455.89992195264307	0.0	549.957163305637	383.6645253665384	0.0	370.79642551413946	370.82961613098166	0.0	480.9621551187184	454.8879059474514	0.0	543.4620001013583	390.73124864839025	0.0
90	0.75	371.15872040456696	601.2547895820355	0.0	379.80990352995065	598.3166232501184	0.0	401.6072152474147	793.4149865874383	0.0	376.4838147409108	989.164745699727	0.0	449.47915358760997	1011.7475215420551	0.0	437.97136284361113	1021.9458502411245	0.0	355.85479599243155	1008.2797261800149	0.0	362.60877236833295	596.3006253847443	0.0	370.32015834818674	788.5211679375273	0.0	354.2366109253859	980.5391274010451	0.0	434.46855253754586	1000.1414262185583	0.0	424.12844297093045	996.5518517516434	0.0	331.684553803296	1000.233160007216	0.0	397.0435119734757	344.7750440366315	0.0	408.52770938271595	229.3978631829123	0.0	447.3029913101578	295.0801798267668	0.0	401.5372991888781	369.94364716647874	0.0	495.91373784062216	454.87589198930795	0.0	550.2129916777496	381.9087854137477	0.0	370.5297930044699	370.6175700762454	0.0	481.4637377870982	453.4876795826591	0.0	542.8826459591527	388.4446841750961	0.0
91	0.7583333333333333	371.2693739342496	601.3736833778523	0.0	380.0523574952259	598.3661343529224	0.0	402.167234648792	793.444254987618	0.0	376.9183335160465	989.2660311900773	0.0	449.7227763007998	1011.7689332537723	0.0	438.14791969535037	1021.9449524571877	0.0	356.3094343484767	1008.3306956256283	0.0	362.5052370004101	596.3327064198492	0.0	370.09692585766595	788.4240765679504	0.0	353.98667324544243	980.5107612254513	0.0	434.035736637741	1000.0647554818917	0.0	423.7375287026612	996.5976357934229	0.0	331.83986782394817	1000.2962479071404	0.0	396.846774768852	344.66786295854325	0.0	408.18463888995143	229.38887951899324	0.0	447.16850042884187	294.8078401389789	0.0	401.68341553746274	369.9073359044627	0.0	497.126480717268	453.85438507160274	0.0	550.4720710855403	380.1634642085565	0.0	370.2444047464148	370.3954998242899	0.0	481.8380666224399	452.0688982923169	0.0	542.2648390367153	386.17515432093205	0.0
92	0.7666666666666666	371.3652193671826	601.5268284455227	0.0	380.31846780337605	598.4418892206911	0.0	402.7019876795222	793.5426283058589	0.0	377.332164586927	989.394494425742	0.0	449.9630857303903	1011.7564066925368	0.0	438.3671467002805	1021.9403915886087	0.0	356.75383034630966	1008.4080327554168	0.0	362.3618804899602	596.381379849457	0.0	369.87651585651804	788.3769711676234	0.0	353.7017152442152	980.5183346424886	0.0	433.6197315252028	999.9507854875806	0.0	423.3686663439404	996.6148257569297	0.0	331.98205786051307	1000.3950769498	0.0	396.6316503135941	344.57876411221105	0.0	407.86243127746764	229.41381573307322	0.0	447.04920217923785	294.5599995434957	0.0	401.8415270941193	369.87090847023774	0.0	498.3119553184473	452.8259666484538	0.0	550.7128031236734	378.43581965873864	0.0	369.9422409574602	370.1689786314543	0.0	482.1043862428291	450.639077727979	0.0	541.6252499348121	383.95284910453813	0.0
93	0.775	371.4467919572473	601.6990804962475	0.0	380.603411740331	598.5380628387637	0.0	403.19189601931083	793.6908840593092	0.0	377.6979275381866	989.5509742385419	0.0	450.1924884551341	1011.7056494333955	0.0	438.6274534584407	1021.923755492123	0.0	357.1590945607882	1008.5139666443227	0.0	362.1813673432658	596.4449522867704	0.0	369.6595127726659	788.373340443789	0.0	353.39788704783706	980.5629608892682	0.0	433.2435913594126	999.8098198505527	0.0	423.0376620616474	996.6119824742259	0.0	332.1033254983647	1000.5190944044961	0.0	396.403092638336	344.5085596375837	0.0	407.55317466207003	229.4657345942555	0.0	446.94474047850974	294.33280413482373	0.0	402.0159740322218	369.8292547861086	0.0	499.4490384516078	451.7798976871405	0.0	550.9187665802742	376.7327187689765	0.0	369.62381160294325	369.9461656028659	0.0	482.2749822981196	449.20474292365236	0.0	540.9720015082821	381.79588884866297	0.0
94	0.7833333333333333	371.5240558864177	601.8709963244153	0.0	380.8931213907057	598.6459933029668	0.0	403.6135706699867	793.86496300971	0.0	377.98317870833193	989.7352230623704	0.0	450.3991622348517	1011.6190920644082	0.0	438.9071958470569	1021.8928229028145	0.0	357.4865405798887	1008.6542337183124	0.0	361.98820701418896	596.5229046871725	0.0	369.45834335159043	788.4075240189147	0.0	353.101190281639	980.646205339894	0.0	432.93432529773656	999.654828908345	0.0	422.764788316746	996.5991431262498	0.0	332.1948450574729	1000.6556904544378	0.0	396.1649666807522	344.4548781686208	0.0	407.24806367115514	229.52939952231836	0.0	446.8486374223038	294.1173424769778	0.0	402.198557475956	369.77777326059334	0.0	500.52061579263545	450.70795634602604	0.0	551.0833940968502	375.0531487946097	0.0	369.29815426774604	369.73725027313753	0.0	482.3674072609375	447.77340511348444	0.0	540.3175319934755	379.70419604205745	0.0
95	0.7916666666666666	371.6084547670463	602.027339142742	0.0	381.1788250354966	598.75851070678	0.0	403.96097889220334	794.0409161821134	0.0	378.17397364267003	989.9377436001282	0.0	450.57115810534054	1011.5072247189105	0.0	439.1785089171981	1021.8510945375945	0.0	357.71385649718735	1008.8286485025092	0.0	361.80777343449586	596.6128894519737	0.0	369.28679322856095	788.4685886208764	0.0	352.83226619944173	980.7648365280368	0.0	432.70201132775946	999.496272594402	0.0	422.55617608061556	996.5806483736352	0.0	332.2505289394249	1000.7900720802414	0.0	395.9183975211496	344.4125442272428	0.0	406.936962151736	229.59222280437257	0.0	446.75386817435407	293.90327164772276	0.0	402.38119428994554	369.71441694962607	0.0	501.519074837592	449.60569237643256	0.0	551.2067476128353	373.38662166849366	0.0	368.9758560762931	369.5491217596852	0.0	482.4008904310688	446.3507406355519	0.0	539.6780954750232	377.65853032075864	0.0
96	0.8	371.70246536234623	602.1636299237828	0.0	381.4655685012835	598.8753263377582	0.0	404.26078774141166	794.1972300528176	0.0	378.2903184371514	990.1376350016386	0.0	450.70084562901184	1011.385535165807	0.0	439.42282440716343	1021.8039160381319	0.0	357.85335158488897	1009.0242130941174	0.0	361.6464696110349	596.7103426104052	0.0	369.14568338378575	788.5361756554368	0.0	352.5923287783446	980.9055197930142	0.0	432.5301165102779	999.3371693739472	0.0	422.3951278538445	996.5496164156344	0.0	332.2707674557094	1000.906488501954	0.0	395.66332268574297	344.3735678541719	0.0	406.6124999343975	229.6493004083889	0.0	446.6589984223609	293.6816169347776	0.0	402.5682581264377	369.63806745727214	0.0	502.44874961972215	448.4719914003889	0.0	551.29126722248	371.71846120236336	0.0	368.658280262849	369.380719800149	0.0	482.38470448456405	444.9358586409852	0.0	539.0662547383272	375.6274667617417	0.0
97	0.8083333333333333	371.8026355762404	602.2826299650242	0.0	381.7589774982276	599.0002759101105	0.0	404.54817153836547	794.3207775397327	0.0	378.3614654148436	990.3132410214653	0.0	450.78590626532315	1011.2689439871311	0.0	439.62854818634185	1021.7578423738242	0.0	357.9311421395445	1009.2231675684795	0.0	361.5032543454237	596.8120781741801	0.0	369.0303387436725	788.5940460762354	0.0	352.3726270771937	981.0529624584213	0.0	432.39810617936837	999.1800261678636	0.0	422.2617674780186	996.4982444447496	0.0	332.259885970901	1000.9964170620999	0.0	395.401679024435	344.33202730604455	0.0	406.2740361827256	229.69719877653472	0.0	446.5628593578354	293.4457137182271	0.0	402.7673129104239	369.5470537898638	0.0	503.3235770252914	447.3099367367406	0.0	551.3438292847807	370.03534074029244	0.0	368.34212097310893	369.22584926036876	0.0	482.3185792604852	443.52418279483766	0.0	538.492086335285	373.5792356815751	0.0
98	0.8166666666666667	371.9092592070818	602.3870554990182	0.0	382.05601464566075	599.1344822502253	0.0	404.84292876736265	794.410554705142	0.0	378.40426018601545	990.450564999749	0.0	450.8330903634331	1011.1673643585283	0.0	439.7881256042725	1021.7213748299806	0.0	357.9678188031431	1009.413455161767	0.0	361.3826559029416	596.9172647967721	0.0	368.9380177729029	788.6410513086681	0.0	352.1666867661158	981.1969669209084	0.0	432.2957019551122	999.0330669092223	0.0	422.14281486102595	996.4276405556191	0.0	332.22242536130085	1001.0587392998092	0.0	395.14017318525106	344.2868382025127	0.0	405.9266874393428	229.72998814735735	0.0	446.45955088953275	293.19073530739524	0.0	402.9780351911897	369.4407203170364	0.0	504.1623496820354	446.1273384845663	0.0	551.3742272907612	368.327424904678	0.0	368.02891409717006	369.080257793997	0.0	482.2034011808737	442.1126227927008	0.0	537.9657780995759	371.49161049756117	0.0
99	0.825	372.0262978799633	602.477666504423	0.0	382.3539519307257	599.2740655396556	0.0	405.15783734639183	794.4741859046089	0.0	378.4346146892256	990.5438379025425	0.0	450.858564874546	1011.0839629307444	0.0	439.9042588782004	1021.7027979043145	0.0	357.98711294014026	1009.5872276053615	0.0	361.28553283506614	597.0238512482493	0.0	368.8593405542871	788.6818983948564	0.0	351.96647343734213	981.3274971996216	0.0	432.2102117882862	998.9046456644123	0.0	422.02018192968535	996.3424238230925	0.0	332.1641868391942	1001.0889636154515	0.0	394.88927116721516	344.2381105664263	0.0	405.5795658897725	229.74540512786567	0.0	446.34402928187825	292.9151038690884	0.0	403.1990655247963	369.3196364538095	0.0	504.98348160639534	444.93431608188627	0.0	551.3857481856628	366.58824213705117	0.0	367.72274720514463	368.94250934977606	0.0	482.05010522683887	440.6963703404191	0.0	537.4926955399641	369.35612918093386	0.0
100	0.8333333333333334	372.15640024586975	602.5532726546865	0.0	382.6558092360434	599.4110014099103	0.0	405.50763136475604	794.520489948945	0.0	378.47577139089316	990.5951179862027	0.0	450.8812535056811	1011.0161886194751	0.0	439.9907251289623	1021.7077608668495	0.0	358.0190285788281	1009.734608665462	0.0	361.2009716508693	597.1253264313311	0.0	368.7753008216814	788.7138776730101	0.0	351.7583707267737	981.430140044554	0.0	432.1215582286374	998.7947122580209	0.0	421.8704749199057	996.24254681074	0.0	332.092530685076	1001.0747148558281	0.0	394.6571031915646	344.18510168477246	0.0	405.24493803816256	229.74845117127205	0.0	446.2162824672646	292.62139031650815	0.0	403.4356380711845	369.1855680200578	0.0	505.80063902417817	443.73986941443735	0.0	551.3721646795844	364.81499086770117	0.0	367.42456283467374	368.8098095174489	0.0	481.87724832355553	439.26594658600226	0.0	537.0710233653022	367.17683907477084	0.0
101	0.8416666666666667	372.30309925041576	602.6077090951444	0.0	382.95971026728625	599.5356175934165	0.0	405.89101022785985	794.5549278472846	0.0	378.53925581164737	990.6133441721479	0.0	450.91552121044305	1010.9571221887445	0.0	440.0613138829002	1021.737019681876	0.0	358.0754384000227	1009.8463440653535	0.0	361.12039751778764	597.2124823254185	0.0	368.67484861610853	788.7290261809571	0.0	351.5368268900355	981.4906761040415	0.0	432.0229345189078	998.6922410163952	0.0	421.68592389245117	996.1247187329767	0.0	332.0102427336577	1001.0041301346191	0.0	394.445049124951	344.1293498057802	0.0	404.9362492950094	229.74358658260755	0.0	446.0758684750671	292.31426741754433	0.0	403.68856438882636	369.0449067648749	0.0	506.62174177421156	442.54856590902057	0.0	551.3260632395105	363.0069498773534	0.0	367.13852019094924	368.67859159337087	0.0	481.7094207648515	437.8137149035537	0.0	536.7013635134772	364.96335963605134	0.0
102	0.85	372.4720665302551	602.6277657346917	0.0	383.2521614832222	599.6399909809218	0.0	406.27666109119474	794.5787349954936	0.0	378.61120486130943	990.6095625228976	0.0	450.9670407671444	1010.8958326259999	0.0	440.1206775456589	1021.7831097834625	0.0	358.13503914220445	1009.9190004875802	0.0	361.0506835115991	597.2774430328685	0.0	368.5687117509706	788.721307395977	0.0	351.3170678216213	981.5016504933132	0.0	431.93539185112604	998.5773980891578	0.0	421.48795556511595	995.98593776155	0.0	331.9110606698348	1000.8722893356925	0.0	394.25016433189967	344.0745997931265	0.0	404.6655729403272	229.72821476449857	0.0	445.9168946208964	291.9992223333221	0.0	403.9426146149192	368.90936527693606	0.0	507.4508693190275	441.35815259638775	0.0	551.2476099719494	361.16075909618087	0.0	366.87751401662604	368.548281907805	0.0	481.5802883608143	436.3399711299592	0.0	536.3930193845738	362.7223285708335	0.0
103	0.8583333333333333	372.66278959007303	602.5975744909679	0.0	383.51833007821887	599.7170407205033	0.0	406.6258789754236	794.5884329186099	0.0	378.6714614276395	990.5903464871606	0.0	451.03134364987903	1010.8217062538795	0.0	440.1667966661379	1021.8307223407153	0.0	358.1698761937614	1009.9505222631195	0.0	361.0013975819023	597.3128314383428	0.0	368.47622943721467	788.6845051409513	0.0	351.1237481826213	981.463359326685	0.0	431.88695903570914	998.4308879762259	0.0	421.3102243489629	995.8237948868059	0.0	331.7871315634741	1000.6789158831206	0.0	394.0693186931709	344.02114870788415	0.0	404.4410481700923	229.69729704659636	0.0	445.7323281483674	291.6810134901921	0.0	404.1769976038705	368.7899212229805	0.0	508.28977594123614	440.16197163242197	0.0	551.1447589814632	359.2712071556174	0.0	366.65306405548273	368.41976198448293	0.0	481.5205106423118	434.85036069327253	0.0	536.1524997371935	360.4549405756396	0.0
104	0.8666666666666667	372.86487823695836	602.5081680321605	0.0	383.75089226776515	599.7587348478581	0.0	406.92222391267893	794.5783084512703	0.0	378.71704239067316	990.5553028522327	0.0	451.09726569948947	1010.7324009036927	0.0	440.1973445667659	1021.8633350002434	0.0	358.17636733264817	1009.9352518606505	0.0	360.97262085455344	597.3114694194819	0.0	368.4083802505924	788.61037783621	0.0	350.9731617306324	981.380117893164	0.0	431.8839157992902	998.2473337746044	0.0	421.1757876705678	995.6394053741084	0.0	331.6390109313689	1000.4276647974718	0.0	393.90027676871256	343.9636184481459	0.0	404.26413894479253	229.64804242042732	0.0	445.52111768122154	291.3599512539123	0.0	404.3801601608704	368.6908038997375	0.0	509.1379630170831	438.9538517354533	0.0	551.0263727869414	357.33756607063526	0.0	366.46892506058737	368.2908702866659	0.0	481.5450704724755	433.3529665660588	0.0	535.9750230334245	358.1626579965495	0.0
105	0.875	373.0685242285124	602.3633586419734	0.0	383.9452736572398	599.7598117168025	0.0	407.17027830099266	794.5454054511885	0.0	378.75866252690577	990.5000361729309	0.0	451.15927607239337	1010.6334299448918	0.0	440.2137566252826	1021.8688206914777	0.0	358.17037911004473	1009.8694883971586	0.0	360.9677514826453	597.2734069243825	0.0	368.37137529260303	788.4948978369802	0.0	350.87047970314603	981.2585180411965	0.0	431.9166803496124	998.0360584508695	0.0	421.10006684146765	995.4398326264962	0.0	331.4747098122319	1000.1283977964039	0.0	393.74142574647857	343.89512655507707	0.0	404.1287303150003	229.57711092833623	0.0	445.2886427540841	291.0335945171476	0.0	404.54722985217956	368.609441326279	0.0	509.99328441727823	437.7294671957649	0.0	550.8952534915579	355.36537565407394	0.0	366.32832833240684	368.15647278673737	0.0	481.6584903284141	431.86255587461545	0.0	535.8528326927766	355.8576651955648	0.0
106	0.8833333333333333	373.2718662996955	602.1768914578475	0.0	384.09557086518015	599.7215187989526	0.0	407.3805470572123	794.4903338189425	0.0	378.80716932854955	990.4213955520399	0.0	451.22501098231356	1010.5295564685723	0.0	440.2219572432986	1021.8401754974725	0.0	358.1692322539701	1009.759812728291	0.0	361.00116129784357	597.2069990659827	0.0	368.37111494805885	788.3433043846633	0.0	350.81331672903474	981.1111914228663	0.0	431.9808823143085	997.8120748991437	0.0	421.09960952827225	995.2366451795253	0.0	331.30543654316784	999.7989029226549	0.0	393.59153562787617	343.81139979433146	0.0	404.0244587838623	229.47991562689802	0.0	445.0435466630931	290.7040821211094	0.0	404.6737594361249	368.53943222198	0.0	510.85258384653156	436.48553870007356	0.0	550.7459049462594	353.36524665869507	0.0	366.2356680108611	368.01174743258235	0.0	481.85818838166244	430.3994940584563	0.0	535.7810298042501	353.5658663896007	0.0
107	0.8916666666666666	373.4741689311221	601.9679092320522	0.0	384.2006852476884	599.6514306613828	0.0	407.56440222832526	794.4160510855303	0.0	378.8711087640989	990.322740956426	0.0	451.30452829865993	1010.4238482138734	0.0	440.2290712205196	1021.776931943888	0.0	358.186643041153	1009.6238795210816	0.0	361.08149948950467	597.1184322004099	0.0	368.4050815607445	788.1675496694568	0.0	350.79495874400845	980.9568789890197	0.0	432.075110159476	997.5913409088133	0.0	421.1798670919181	995.0440595297545	0.0	331.1448161909844	999.4631295927217	0.0	393.4506035267605	343.71136790174336	0.0	403.94165601058654	229.35588565051285	0.0	444.7972820331752	290.37844716401554	0.0	404.75884667619476	368.4731670912494	0.0	511.711120268932	435.2195241972807	0.0	550.568833428097	351.35133155007924	0.0	366.19038280207815	367.85380414485473	0.0	482.1358231800042	428.9721927004683	0.0	535.7525896513438	351.31127457886555	0.0
108	0.9	373.6692318323279	601.759227931788	0.0	384.2722930431042	599.5628775840223	0.0	407.73071225560454	794.329962674517	0.0	378.95730576770916	990.2144994420754	0.0	451.4010435423166	1010.3224630618996	0.0	440.2417700643736	1021.6849166971544	0.0	358.2305954068314	1009.4822029485448	0.0	361.1997752465511	597.0084108374805	0.0	368.45887536664753	787.9812511335257	0.0	350.81050297237533	980.8097264154216	0.0	432.190954979669	997.3826735193023	0.0	421.3194647716677	994.8706238031707	0.0	331.00388943573273	999.1386215185875	0.0	393.3222896057607	343.59633818517193	0.0	403.8729127195871	229.21121183422017	0.0	444.56376960129455	290.0615809532075	0.0	404.80983414006715	368.40577018204	0.0	512.5645678601571	433.9308381587967	0.0	550.3562963681242	349.33717230047336	0.0	366.18549516641855	367.68177446315656	0.0	482.47484105456806	427.5667722491573	0.0	535.7498959758966	349.10057708769415	0.0
109	0.9083333333333333	373.8484326875368	601.5726666086871	0.0	384.33584489630397	599.4733236621242	0.0	407.88016188222133	794.2470610397324	0.0	379.0659871849518	990.1079027628613	0.0	451.5183107079299	1010.2307954647887	0.0	440.2672635884876	1021.570248234376	0.0	358.29827017941886	1009.3482757901344	0.0	361.33564755502016	596.8814152278585	0.0	368.512013770316	787.7987248642139	0.0	350.8594808926478	980.6716243815316	0.0	432.31997129063086	997.177586230919	0.0	421.47450811154414	994.7087613982105	0.0	330.88421978275	998.8253511144164	0.0	393.21355268758225	343.4703330949344	0.0	403.8121222569269	229.05499373254017	0.0	444.3550223726727	289.7538983979649	0.0	404.84508230726215	368.33809925310953	0.0	513.4131187465648	432.62417429070575	0.0	550.1019732843666	347.3348802845699	0.0	366.20607620536737	367.4976600543438	0.0	482.8137495103511	426.1657035249285	0.0	535.7361151211115	346.9319134504534	0.0
110	0.9166666666666666	374.00478926142347	601.4217764895316	0.0	384.42388789554064	599.3974216445151	0.0	408.00702523632924	794.1872543422681	0.0	379.18829845397613	990.0082968824345	0.0	451.6639701333635	1010.147467712349	0.0	440.31040153473543	1021.4360583518019	0.0	358.3766060392916	1009.2256838677546	0.0	361.4640447749413	596.7481429160467	0.0	368.5428341846226	787.6341918673431	0.0	350.94148749623434	980.5377648173837	0.0	432.46103712159993	996.9578374356441	0.0	421.5967744510121	994.540451299903	0.0	330.7810427820576	998.5138062204617	0.0	393.12892415596673	343.3403744574167	0.0	403.7543742278598	228.89417634358108	0.0	444.1758536680561	289.4548374687311	0.0	404.89375243273656	368.2733597795657	0.0	514.2603445604352	431.30785460091306	0.0	549.7983588479071	345.35534339591675	0.0	366.2249359506221	367.30704759809333	0.0	483.02314850744096	424.7687102209108	0.0	535.655726345841	344.80869246990926	0.0
111	0.9249999999999999	374.13352995163785	601.3102357480077	0.0	384.5650554886326	599.3383504752402	0.0	408.1071650431265	794.1640651121749	0.0	379.31060959827414	989.914682388931	0.0	451.83716208085673	1010.069119375732	0.0	440.3677654173796	1021.2862249215124	0.0	358.448973517368	1009.1105807924876	0.0	361.5605763261272	596.6142011613521	0.0	368.5325665811308	787.4951939570774	0.0	351.0544895844908	980.4045256525336	0.0	432.61287112104725	996.7164542364135	0.0	421.6503255338796	994.3547967903971	0.0	330.6940665981519	998.200055226128	0.0	393.06559523818765	343.21323008469125	0.0	403.6966410329531	228.7330187402381	0.0	444.02517597010626	289.16479525229784	0.0	404.984994683668	368.2104018618368	0.0	515.107149861397	429.98430650712044	0.0	549.4389409273176	343.40036043016426	0.0	366.20918843236376	367.11662359190734	0.0	482.9692788680539	423.3888308179335	0.0	535.4507500271819	342.73403965870153	0.0
112	0.9333333333333333	374.234208874426	601.2366234891863	0.0	384.7741518528314	599.2903289341182	0.0	408.18007930381583	794.1768882716094	0.0	379.41668690469606	989.8256964113195	0.0	452.0230976001777	1009.997022807398	0.0	440.4271607108149	1021.1296536301529	0.0	358.49823723319764	1008.995822500019	0.0	361.6127833129381	596.4755855773177	0.0	368.472317994505	787.3794794175493	0.0	351.1987294712936	980.2717585135362	0.0	432.77059562832756	996.4656673560838	0.0	421.62327034352705	994.1570035805692	0.0	330.6303114456819	997.889103070878	0.0	393.0156974791047	343.09166118219025	0.0	403.6381983060038	228.57509324477672	0.0	443.9028645426908	288.88496369200027	0.0	405.13220967700926	368.1425456413426	0.0	515.9497009368667	428.6464442895342	0.0	549.0206605539424	341.45754995936136	0.0	366.1356648082118	366.9311871160983	0.0	482.58272524748736	422.0407574098945	0.0	535.0757810885555	340.70470731987956	0.0
113	0.9416666666666667	374.3133215275074	601.1987349292683	0.0	385.05028959971014	599.2515595706537	0.0	408.2218828219701	794.2167955235163	0.0	379.4864893858025	989.7447223713774	0.0	452.2064114344007	1009.9319704071041	0.0	440.47618362536195	1020.9785849165213	0.0	358.5057659096983	1008.877694456709	0.0	361.6260476630741	596.3323730665288	0.0	368.3675922021939	787.2824512940892	0.0	351.3755342483382	980.1408252794336	0.0	432.9374263230265	996.223479651571	0.0	421.53272591841846	993.9605238083511	0.0	330.5957559501786	997.587711583944	0.0	392.97148726113426	342.9757095967496	0.0	403.58114618551235	228.42417091109604	0.0	443.8118160355839	288.6172303081919	0.0	405.3316883904268	368.0625246961347	0.0	516.7836347551059	427.2867641166009	0.0	548.5399804661462	339.51141892051635	0.0	365.9949421236532	366.7552539971331	0.0	481.8261795404556	420.7406570207007	0.0	534.4944090817338	338.72271536372216	0.0
114	0.95	374.3816683518782	601.192873641505	0.0	385.38411315238386	599.2278339467157	0.0	408.22501322899546	794.2757311274689	0.0	379.50210185411464	989.677670134723	0.0	452.38037020712306	1009.8663556180611	0.0	440.5099729047371	1020.8411417469902	0.0	358.45616836131376	1008.7600292257612	0.0	361.6154075219199	596.1978118820712	0.0	368.23334083841485	787.2021906955223	0.0	351.578839636844	980.011322610869	0.0	433.12773165554705	996.0004866764422	0.0	421.41448382653624	993.7733858763456	0.0	330.59049556920223	997.2973692884738	0.0	392.9263689827324	342.86434455349024	0.0	403.53144099462617	228.28437813009123	0.0	443.7540375070742	288.3614637272451	0.0	405.5749890409601	367.9662922906997	0.0	517.607324540673	425.90496455134576	0.0	547.989562648007	337.55885643005143	0.0	365.7844581818206	366.5949557029569	0.0	480.6387505551162	419.50681396005695	0.0	533.6714084187861	336.80192731722804	0.0
115	0.9583333333333334	374.44865383980704	601.2104086918505	0.0	385.765015714925	599.2229807035039	0.0	408.18877669173327	794.3473711576726	0.0	379.45801605886044	989.6266526017696	0.0	452.538805863691	1009.7891038453195	0.0	440.52734405493703	1020.7181157406766	0.0	358.3441417646089	1008.6495920661333	0.0	361.59453416430085	596.0852531439593	0.0	368.0864907281305	787.1350399493283	0.0	351.7942997732883	979.8814635529022	0.0	433.3534533191281	995.8045100762214	0.0	421.3059301404163	993.5963171437023	0.0	330.6132011212241	997.015601698297	0.0	392.8742887087271	342.7526499249049	0.0	403.4967300364762	228.15945733822582	0.0	443.7293542663778	288.11171776390626	0.0	405.8536913511686	367.852947765514	0.0	518.4209017451356	424.504617723853	0.0	547.3650606042326	335.6095575399727	0.0	365.5097182007618	366.45433459131414	0.0	478.9698683527601	418.3505081038925	0.0	532.5805082743029	334.9526403887169	0.0
116	0.9666666666666667	374.5206589435562	601.2395298446717	0.0	386.18101189512254	599.2348043945498	0.0	408.1204419743235	794.4236930173706	0.0	379.3606813432114	989.5884305291213	0.0	452.66953360111916	1009.6971694800501	0.0	440.5238179860611	1020.6079290743779	0.0	358.1720154075988	1008.5520409738513	0.0	361.57369454902397	595.9960387982311	0.0	367.9460212199037	787.0747920066319	0.0	352.0095973134317	979.7503921333032	0.0	433.61811110020653	995.6472468652754	0.0	421.2403152857015	993.4304398832041	0.0	330.6628969779036	996.7438025488719	0.0	392.8116923260372	342.63287070506095	0.0	403.4804909739817	228.0506763387702	0.0	443.7381899736972	287.8589312627723	0.0	406.1555434937882	367.722924389779	0.0	519.2239909860643	423.0874453897343	0.0	546.6717212500768	333.6756977275966	0.0	365.188859684426	366.33248393970075	0.0	476.82409798648246	417.27243761893106	0.0	531.2109904997019	333.1758008153019	0.0
117	0.975	374.60446317928887	601.2741159192698	0.0	386.6160024538738	599.2630424387266	0.0	408.02601833893664	794.4990594706397	0.0	379.21728683680647	989.5606541221113	0.0	452.76281730416923	1009.5967515340978	0.0	440.4955819756925	1020.5085410921531	0.0	357.94178887558485	1008.4763054319297	0.0	361.5633033232724	595.9300197878872	0.0	367.83385005509973	787.0211294966992	0.0	352.2199103467016	979.6179678586864	0.0	433.9238533400593	995.5358123566324	0.0	421.2471720719295	993.2788591538418	0.0	330.7339550402229	996.4908201668337	0.0	392.73840790826154	342.50197318073936	0.0	403.4823444326062	227.95569839407094	0.0	443.78168681013176	287.599404105974	0.0	406.46749501627465	367.5752455352937	0.0	520.013990345227	421.6520016400436	0.0	545.9175922470823	331.7692276849852	0.0	364.84355317764283	366.2282279470411	0.0	474.19907597496825	416.27533538713783	0.0	529.5519919367076	331.4882575810553	0.0
118	0.9833333333333333	374.71033893235534	601.3177476341953	0.0	387.0510909866934	599.313817876772	0.0	407.9088311202825	794.5763456418563	0.0	379.02783430833165	989.5474302357632	0.0	452.8209825493829	1009.4963676595862	0.0	440.4476371197786	1020.4138262742205	0.0	357.65064160862516	1008.4349992113634	0.0	361.57848467769475	595.8970997156952	0.0	367.77053696826323	786.9837159318473	0.0	352.4270837755266	979.4869595946673	0.0	434.2801443050278	995.4676064514869	0.0	421.35411184335135	993.1443791900631	0.0	330.8168567943268	996.2695941148293	0.0	392.6552076466747	342.3627598140276	0.0	403.50402458469875	227.8703460211355	0.0	443.8578272651755	287.3370521663171	0.0	406.78125596312384	367.4057852405663	0.0	520.7866797216712	420.1941808173688	0.0	545.1046202126105	329.90413693963603	0.0	364.4898200598831	366.1440836850123	0.0	471.02551918188965	415.37016384580625	0.0	527.5794931565846	329.9389455837309	0.0
119	0.9916666666666667	374.85102274457154	601.3732226217603	0.0	387.4677041342607	599.3889173287852	0.0	407.7761903552623	794.6589737341931	0.0	378.78704630641414	989.5580209533299	0.0	452.8516152973366	1009.4055152169873	0.0	440.38950926375685	1020.3167844104998	0.0	357.2911356934773	1008.4355312450547	0.0	361.6399761241938	595.9059282546716	0.0	367.77196993308763	786.9728058877778	0.0	352.6414791318001	979.36866143242	0.0	434.7064676074981	995.4417223211718	0.0	421.59195178326553	993.0324740539039	0.0	330.90774708804565	996.0955990254549	0.0	392.5636733665597	342.21713194590166	0.0	403.54720675098207	227.7902579103772	0.0	443.9607022966029	287.073791978538	0.0	407.0913682330887	367.2096884929882	0.0	521.5396305530929	418.7088318433353	0.0	544.2324906466844	328.0911872194507	0.0	364.1438094848167	366.0824355969112	0.0	467.23794178393166	414.55959782969484	0.0	525.2728523581242	328.58721559560394	0.0
120	1.0	375.03621222863205	601.4318347388675	0.0	387.84947880647445	599.4760661109821	0.0	407.642780035414	794.7405538243431	0.0	378.49312428505004	989.6038316898299	0.0	452.85515314521786	1009.3366922319993	0.0	440.32357270678904	1020.2191970723538	0.0	356.8580307344331	1008.4787099025252	0.0	361.7626334592962	595.9505178218573	0.0	367.8471490014622	786.988819069435	0.0	352.8774842739339	979.2821371626942	0.0	435.2190083805398	995.4635852063375	0.0	421.9877943979989	992.9524322475178	0.0	331.0111149014802	995.9880862923715	0.0	392.4683380584959	342.06500492200905	0.0	403.60592253641585	227.7110362469027	0.0	444.08398384256924	286.80285097957074	0.0	407.39253408783344	366.98532004641294	0.0	522.2741174389427	417.1927775978162	0.0	543.306676340327	326.3348093773204	0.0	363.82457707785034	366.04142109060547	0.0	462.83967045154753	413.82603885250023	0.0	522.6278623622496	327.48387867449804	0.0
121	1.0083333333333333	375.26669384275675	601.4806554536784	0.0	388.18410452341385	599.5604214140119	0.0	407.5247212421828	794.8119133850287	0.0	378.1541083029184	989.6957299483234	0.0	452.8298723906793	1009.3005281912971	0.0	440.2449870880781	1020.133040678496	0.0	356.3577547254867	1008.5675907747938	0.0	361.93966905512104	596.0211975880964	0.0	367.99420558094783	787.0239211497542	0.0	353.1399709946093	979.2434655779953	0.0	435.8129190202761	995.5330664258792	0.0	422.5449623909624	992.9110054734446	0.0	331.1296888735366	995.9642610574217	0.0	392.3745289895278	341.9096912967224	0.0	403.6678651078744	227.6300859971773	0.0	444.222231892165	286.517259107163	0.0	407.6837409484891	366.73464108864306	0.0	522.9930361665407	415.6476498243235	0.0	542.3374286296981	324.6416091640281	0.0	363.5420666604214	366.01712125504116	0.0	457.82822310261616	413.1512209806009	0.0	519.6288572659953	326.68909409763546	0.0
122	1.0166666666666666	375.5349935633371	601.5148262416193	0.0	388.46478522303875	599.6396371154707	0.0	407.4320595264541	794.8716011597579	0.0	377.78340977869817	989.838329083897	0.0	452.7824491658579	1009.300642135875	0.0	440.1502345656391	1020.0725444786237	0.0	355.8077131416487	1008.7068102531641	0.0	362.1412417024938	596.1188439216496	0.0	368.19840835013207	787.0683962091359	0.0	353.4196881585552	979.2552885484055	0.0	436.4632903775079	995.6387896630398	0.0	423.23347901375564	992.9077210021723	0.0	331.2577021928681	996.0269464690616	0.0	392.2851593926697	341.7590875631802	0.0	403.72334468702246	227.54855822853278	0.0	444.3698959997564	286.21857672526494	0.0	407.9741944014395	366.4607360246785	0.0	523.699729026981	414.08135542750153	0.0	541.334667403885	323.0240711334224	0.0	363.2876407992102	366.00687651037055	0.0	452.1297360794512	412.5413244354742	0.0	516.2193266426775	326.2910282708658	0.0
123	1.025	375.8308104449434	601.5351181720121	0.0	388.6901789645694	599.7180354715879	0.0	407.3717101951962	794.9221625807584	0.0	377.3918112024795	990.0262381106214	0.0	452.71924027254653	1009.3375902074484	0.0	440.0379665356335	1020.0493601676861	0.0	355.2278135835612	1008.8920979082963	0.0	362.3295431676604	596.2444083987355	0.0	368.43626510076064	787.1122097262669	0.0	353.70187823950477	979.3090348915191	0.0	437.13789826646183	995.7685710449435	0.0	424.00127692203233	992.9388079066163	0.0	331.38706711519734	996.162450118159	0.0	392.2021036027163	341.62052277706056	0.0	403.769621067856	227.4700854039921	0.0	444.5214439650792	285.9120799397436	0.0	408.279630586683	366.16772981807577	0.0	524.4003684567018	412.50659254732284	0.0	540.3081018692592	321.4897206100288	0.0	363.0432599877785	366.0069734697839	0.0	445.71225825594075	412.02186487867914	0.0	512.3298105491642	326.38814627051477	0.0
124	1.0333333333333332	376.1437126332467	601.5417259226826	0.0	388.86272936033896	599.7954976782258	0.0	407.3527809263919	794.9629314183691	0.0	376.98835903950703	990.2483645626904	0.0	452.63480445933493	1009.4120285363924	0.0	439.90539249700885	1020.0733558818397	0.0	354.63945542139675	1009.1095234874563	0.0	362.4771375489031	596.3857423268339	0.0	368.6857733270392	787.1456209649812	0.0	353.9721860397068	979.3951206048552	0.0	437.80451078389063	995.9175547466502	0.0	424.7941415801043	993.0018212948248	0.0	331.5123742402826	996.3522920140485	0.0	392.12848765171657	341.4970096245193	0.0	403.8071974156862	227.3984434763051	0.0	444.6712764484104	285.6015015063262	0.0	408.6090543936162	365.8642385734549	0.0	525.1038525870833	410.93759688827134	0.0	539.2687017441939	320.0327462919234	0.0	362.79872186751203	366.0101936633165	0.0	438.75341722230223	411.62198048713384	0.0	507.9379365415825	327.0644457103865	0.0
125	1.0416666666666667	376.46273682711	601.5380156727739	0.0	388.98603116544257	599.8694816251096	0.0	407.3805029672231	794.9906118032997	0.0	376.5837489262626	990.492540154352	0.0	452.51986737115897	1009.5197101399501	0.0	439.74934440182096	1020.1516218162743	0.0	354.06726673460633	1009.3452779588794	0.0	362.5751631339289	596.528178435897	0.0	368.93499674677025	787.1634045773687	0.0	354.2145769464664	979.5043287921235	0.0	438.43227818400095	996.0798628126842	0.0	425.5681416217759	993.0913004026482	0.0	331.62403583676496	996.5794230180225	0.0	392.06739656975844	341.38979742402756	0.0	403.83575213053143	227.3371425869308	0.0	444.8117827548209	285.2946320627073	0.0	408.95752505707986	365.5635940000781	0.0	525.8174040977281	409.3880518081439	0.0	538.2253829340646	318.63956811352045	0.0	362.55551728268694	366.0115259574413	0.0	431.6041203594177	411.37709767904755	0.0	503.09554328072437	328.3919689861903	0.0
126	1.05	376.77689107412243	601.5323954198044	0.0	389.06360888521755	599.9379868259085	0.0	407.4475210015401	795.0029726435142	0.0	376.18400497880174	990.7429877630543	0.0	452.36997474624883	1009.6483320683357	0.0	439.56654234377703	1020.2844795734478	0.0	353.52803767749333	1009.5897443416816	0.0	362.6309488153613	596.6675586449884	0.0	369.18094203091954	787.1678839505147	0.0	354.41359878122336	979.6205704273902	0.0	438.9954798998916	996.2406673633022	0.0	426.29219088156447	993.1932352124791	0.0	331.70417060871137	996.8224781325181	0.0	392.01831404862634	341.30158138084846	0.0	403.85401450008186	227.29030690392062	0.0	444.9320381662225	285.00545797141075	0.0	409.3102027834004	365.27861938151443	0.0	526.5440142490881	407.8704009459375	0.0	537.1817198865525	317.2957123400171	0.0	362.32099475106196	366.0131231927914	0.0	424.5852676864367	411.3244890148155	0.0	497.9257725443998	330.4312254233935	0.0
127	1.0583333333333333	377.0781536467357	601.5320034620656	0.0	389.10073755843325	599.9968258548801	0.0	407.5384522014906	795.0013379732991	0.0	375.78573240830656	990.9796361999759	0.0	452.18070590695424	1009.7816983519328	0.0	439.3520379601206	1020.4635130905612	0.0	353.0190584282451	1009.8317470418935	0.0	362.66253531333126	596.8037972951032	0.0	369.4218375694303	787.1662002865412	0.0	354.5645665974372	979.7215881425575	0.0	439.4801449378135	996.388460297713	0.0	426.9471768475988	993.2919998688866	0.0	331.73843610756177	997.0542581573277	0.0	391.9765021484994	341.2340360059022	0.0	403.86125448670526	227.26209267854537	0.0	445.01961763228246	284.74317179200665	0.0	409.64878437521173	365.0174395349882	0.0	527.2827480973532	406.3939618321309	0.0	536.1386844515808	315.98351796683784	0.0	362.1075824064288	366.0176363520362	0.0	417.9120281780975	411.46483731968664	0.0	492.63588032488275	333.1948002160761	0.0
128	1.0666666666666667	377.363817049739	601.5388499704234	0.0	389.10760481158576	600.039251368712	0.0	407.64114759495783	794.9873496029087	0.0	375.38738619899675	991.18299864133	0.0	451.9489901507655	1009.9047099604427	0.0	439.10514702760275	1020.6732019482731	0.0	352.5280777293117	1010.0538567662277	0.0	362.68990329805246	596.9306479453235	0.0	369.6516275618532	787.1619179166347	0.0	354.67726155868667	979.7866975669083	0.0	439.88303512464694	996.5254963460717	0.0	427.5202865934194	993.3798818107543	0.0	331.7272580561145	997.2472408182333	0.0	391.93622540831177	341.18454249858235	0.0	403.8598345439944	227.25478285969086	0.0	445.0637836870246	284.50633445325684	0.0	409.9587727029166	364.7832170967218	0.0	528.0288556953103	404.96118815535095	0.0	535.0992793048465	314.6805252153618	0.0	361.9297523733373	366.02104218898955	0.0	411.74308272144293	411.74454897439284	0.0	487.4870408935365	336.60358018467514	0.0
129	1.075	377.6337470806788	601.549810245726	0.0	389.10073898271315	600.0583030210826	0.0	407.74752153608307	794.9538692662225	0.0	375.0024140083697	991.3359770892848	0.0	451.68755021672047	1010.0053920995033	0.0	438.83977185181004	1020.8943095592274	0.0	352.05421528900325	1010.2362420076536	0.0	362.7260303291251	597.0387726138468	0.0	369.86275907987243	787.1455025903083	0.0	354.76669072467445	979.7968742482835	0.0	440.20583904471346	996.6510383235654	0.0	427.998998093888	993.4499706294565	0.0	331.6789713722212	997.3734781910169	0.0	391.8928112638188	341.14896987891	0.0	403.8567895103909	227.26859414063912	0.0	445.0565166761065	284.2922832184479	0.0	410.23606785883766	364.5764315725326	0.0	528.774302832552	403.5674333048487	0.0	534.0683844773308	313.3660255790326	0.0	361.79326146401894	366.01785865033133	0.0	406.1687252573246	412.11221534455507	0.0	482.6396563464676	340.46615064000383	0.0
130	1.0833333333333333	377.88590576037234	601.5566479806638	0.0	389.1013103296854	600.0495284192455	0.0	407.8493376413979	794.8839292087233	0.0	374.65523469682586	991.4264730266491	0.0	451.4287124040544	1010.0760942365031	0.0	438.58399067379247	1021.1075932713288	0.0	351.6116676519571	1010.3657823853026	0.0	362.778174746659	597.1221632692863	0.0	370.0518921803054	787.0956821000862	0.0	354.84382981835074	979.7341481131987	0.0	440.4561616796199	996.7465965608784	0.0	428.37493054201815	993.4849372055884	0.0	331.5999585596132	997.4053713391195	0.0	391.8428148962922	341.126035596518	0.0	403.86055512211254	227.3014716419852	0.0	444.99211307188955	284.103330896839	0.0	410.4844474988148	364.3986630998618	0.0	529.5111141882231	402.2048548138196	0.0	533.0504675137325	312.02734289942737	0.0	361.6911822398563	366.00814124446924	0.0	401.22882217302407	412.5587016682522	0.0	478.0539003462197	344.45070452413074	0.0
131	1.0916666666666666	378.1173606103407	601.547550549208	0.0	389.13130327117807	600.0108796582488	0.0	407.9429605325794	794.7629920335266	0.0	374.36609502621343	991.454806105472	0.0	451.20566485648067	1010.1147417479664	0.0	438.36556773256365	1021.2967935749551	0.0	351.2145296695968	1010.4413436047009	0.0	362.85382456642174	597.1725530413667	0.0	370.2178720848622	786.9935027907478	0.0	354.91536626415746	979.5919008856969	0.0	440.64829003281176	996.792588237057	0.0	428.65061669064806	993.4650851034984	0.0	331.4988860882749	997.3300990508072	0.0	391.785531184524	341.1162699635852	0.0	403.87756531340557	227.34545384604638	0.0	444.8688560839728	283.9390938553198	0.0	410.7071445035257	364.2545010695131	0.0	530.23719026254	400.8629812525532	0.0	532.0496614924438	310.65775425117516	0.0	361.61140234383635	365.99330691599977	0.0	396.98147720425936	413.0589630454121	0.0	473.6261221592183	348.0249278729212	0.0
132	1.1	378.3286600036286	601.5120472231984	0.0	389.2100147295042	599.9416229424452	0.0	408.03464782822425	794.5901789531774	0.0	374.1448184119708	991.4354253449369	0.0	451.03648291276653	1010.1250306326575	0.0	438.201385611052	1021.4503914069029	0.0	350.86733180978337	1010.472004666022	0.0	362.95879497481445	597.1758759861968	0.0	370.35692747021767	786.8320470782246	0.0	354.98491692666795	979.3809107624083	0.0	440.79802484813916	996.7865383060756	0.0	428.8374076636855	993.3840869379354	0.0	331.3922507454931	997.1603475983452	0.0	391.72347065969393	341.1191889222707	0.0	403.91255044156037	227.3856823222913	0.0	444.6908646110522	283.790632472561	0.0	410.90540380825814	364.147318574766	0.0	530.958245833821	399.52529155802245	0.0	531.0676618647623	309.24974778710646	0.0	361.5421820709144	365.9707089799529	0.0	393.4700401775654	413.5390262328044	0.0	469.32866125057615	350.5624134429846	0.0
133	1.1083333333333334	378.5243040031512	601.4487972078924	0.0	389.35264046427324	599.8488379763514	0.0	408.13396376298823	794.3771271091495	0.0	373.9992708374479	991.3892429318538	0.0	450.93336457011924	1010.1135139021844	0.0	438.1045430896089	1021.5621224828965	0.0	350.5734768544938	1010.473212130754	0.0	363.0913479572001	597.1270577070045	0.0	370.46566968121584	786.6139980104958	0.0	355.050971462208	979.1184076550583	0.0	440.92131244223066	996.7337158070362	0.0	428.9497976712203	993.2494226905623	0.0	331.2968366431877	996.9215843705754	0.0	391.6586834270993	341.13432672023924	0.0	403.96638920948436	227.4069179553841	0.0	444.46687586174414	283.64873128838155	0.0	411.08528992730726	364.0725581275017	0.0	531.6817813979793	398.17021195561097	0.0	530.0987324011123	307.7942583160486	0.0	361.46964068940775	365.938663215317	0.0	390.65192672674993	413.9701644042996	0.0	465.1238887857507	351.8146502661716	0.0
134	1.1166666666666667	378.710751372984	601.3685386787189	0.0	389.5699614009531	599.7521999979986	0.0	408.2423987750482	794.1408186254055	0.0	373.9390405276358	991.3347577555384	0.0	450.9146127729065	1010.0847739278314	0.0	438.09001439098523	1021.6310484364164	0.0	350.34248522330375	1010.4612784354148	0.0	363.24136889047844	597.038705988068	0.0	370.5464364419619	786.3481410945433	0.0	355.1103720335226	978.8163993178933	0.0	441.03692973316004	996.6351242755647	0.0	429.0060521432967	993.0741693481395	0.0	331.2205904044676	996.6352788782843	0.0	391.59065081241727	341.16265154729786	0.0	404.03341532671084	227.40010361955945	0.0	444.2084081575314	283.51233821911353	0.0	411.26135400369066	364.01823151445956	0.0	532.4097839259563	396.77871628640537	0.0	529.1304713645504	306.28731030424035	0.0	361.3774385044013	365.90151439204425	0.0	388.4114708460336	414.43248429756903	0.0	460.87385422807836	352.2314645510495	0.0
135	1.125	378.89563100745653	601.2859614145974	0.0	389.86602546304323	599.6730765530331	0.0	408.3500670605943	793.8998703628303	0.0	373.96157850120085	991.2849338046033	0.0	450.99271425868346	1010.0411246780134	0.0	438.16147614401666	1021.6612649374572	0.0	350.17718030589697	1010.4472522440614	0.0	363.39500715591765	596.9252470120953	0.0	370.6055122895142	786.0497434706525	0.0	355.1673485034565	978.4856439360474	0.0	441.16453727520957	996.4951409996412	0.0	429.02974260350265	992.8747568140058	0.0	331.16644691315685	996.3224336848392	0.0	391.5193493080064	341.2035992476066	0.0	404.105828152039	227.36294554298894	0.0	443.9284817636072	283.3824522147804	0.0	411.450036424338	363.97231745553734	0.0	533.1385612311045	395.341271216687	0.0	528.1516043930379	304.73299557748004	0.0	361.2548155449461	365.8634397958354	0.0	386.6189800318721	415.0138952616216	0.0	456.4712693001324	352.60039302836134	0.0
136	1.1333333333333333	379.08585766579614	601.2071767342085	0.0	390.23411557868195	599.6190818624524	0.0	408.4438172671249	793.6699500895919	0.0	374.0425106591338	991.2480842375402	0.0	451.1588694064657	1009.986634692764	0.0	438.3005052757703	1021.6602630999336	0.0	350.06025890225243	1010.4382532683371	0.0	363.53922432881376	596.7874339532427	0.0	370.64734969063755	785.7356615659403	0.0	355.2319107122844	978.142258171966	0.0	441.31690206222777	996.3272712098594	0.0	429.04111439952385	992.6683716415466	0.0	331.13862065075085	996.0116549334894	0.0	391.4473918531015	341.25163109768533	0.0	404.17885124292525	227.29830646910565	0.0	443.63931889601326	283.25461044804206	0.0	411.66251578580614	363.9269305173227	0.0	533.8632066055893	393.85993299185066	0.0	527.1584709325526	303.1400814126387	0.0	361.10178687277624	365.8224084751886	0.0	385.17355359975477	415.70932487880435	0.0	451.98132379325233	353.5190269485737	0.0
137	1.1416666666666666	379.2854838005649	601.1226237446557	0.0	390.6558987932875	599.5799758911666	0.0	408.51915197684235	793.4529762286664	0.0	374.1490716061549	991.2258590995916	0.0	451.38965837607986	1009.9282867310012	0.0	438.4772514504346	1021.6369563824909	0.0	349.96638072592134	1010.4428481154736	0.0	363.66256255048273	596.6162353944893	0.0	370.67421516671516	785.4117393708356	0.0	355.3070459576991	977.8004531970245	0.0	441.4919930481525	996.1449078191957	0.0	429.04493291189283	992.4660535469105	0.0	331.13705778074956	995.7291637920728	0.0	391.37811906459626	341.2984193990716	0.0	404.24699624063106	227.21480270503045	0.0	443.3496725329086	283.1260882598709	0.0	411.9078790765019	363.8771196106501	0.0	534.5776610077737	392.34729052025546	0.0	526.1544621394835	301.5212656455473	0.0	360.9236184851664	365.7775642064414	0.0	384.0191401186146	416.46806590631775	0.0	447.5758555129567	355.2219689695471	0.0
138	1.15	379.49659054362695	601.0107971799116	0.0	391.1058729441837	599.5341915958609	0.0	408.58431095883975	793.2327443273857	0.0	374.2605600533589	991.2102376007039	0.0	451.6592741894252	1009.873116064628	0.0	438.667055916738	1021.5987706239334	0.0	349.88475381348076	1010.4660235126618	0.0	363.75624667299155	596.4032510897604	0.0	370.6921539236273	785.0699585194724	0.0	355.38532140484625	977.4661449566481	0.0	441.67595961157235	995.9562089844023	0.0	429.0343585530394	992.2727069031016	0.0	331.15379773910166	995.4862471948942	0.0	391.3120115382197	341.3376064975997	0.0	404.2983788294098	227.1258823861395	0.0	443.0642190557341	283.0049636702389	0.0	412.1955973259991	363.82045449816803	0.0	535.2725839110293	390.82278804616186	0.0	525.1441372557196	299.89420514117114	0.0	360.7228175704226	365.73889249072346	0.0	383.1372826772739	417.2557766246648	0.0	443.41255711930074	357.56933773661876	0.0
139	1.1583333333333332	379.7205280940229	600.8532914851786	0.0	391.56044969758653	599.460386394839	0.0	408.6543212420949	792.9908925508036	0.0	374.37522063514723	991.1888292793531	0.0	451.9384784795475	1009.8261198746546	0.0	438.8550726463585	1021.5486546042495	0.0	349.8248505144169	1010.4975165263371	0.0	363.8181603422679	596.1444040444312	0.0	370.71196415158937	784.7048000625878	0.0	355.45863429669384	977.1457953616457	0.0	441.85800711150074	995.771252163217	0.0	429.00808087445665	992.0958329621701	0.0	331.18474390075136	995.2855439960712	0.0	391.2439950862889	341.365030695535	0.0	404.3189375099555	227.04321404549614	0.0	442.7865785254929	282.9036302738847	0.0	412.52667308605027	363.75659570801616	0.0	535.9391914687567	389.3047812940864	0.0	524.1280740677674	298.27751943250786	0.0	360.4967932375427	365.7226090282109	0.0	382.5214191759032	418.01275435048495	0.0	439.6075037832416	360.0038365633452	0.0
140	1.1666666666666667	379.9556967539802	600.6477613132097	0.0	392.0079563173186	599.3467070554116	0.0	408.7435083632547	792.7258717898627	0.0	374.50607926260864	991.1554414606599	0.0	452.19616280778575	1009.7905593409878	0.0	439.0360916855212	1021.4877802162295	0.0	349.8078349731767	1010.5145722901418	0.0	363.8536781109809	595.8401279389025	0.0	370.7408255091653	784.3250559463129	0.0	355.5229579878707	976.8528711240145	0.0	442.0375117185973	995.6054906836296	0.0	428.9752742644388	991.9488677282943	0.0	331.2376888580786	995.1308586886857	0.0	391.16507449019537	341.3769972649601	0.0	404.29970419169143	226.97221211507647	0.0	442.5222744083267	282.828591922445	0.0	412.88873463283505	363.6834643205981	0.0	536.573573436343	387.80267539092733	0.0	523.1043067812226	296.6865437290191	0.0	360.24149932994885	365.7400395238136	0.0	382.14987717226256	418.6265817341815	0.0	436.2344846171075	361.67127441120175	0.0
141	1.175	380.19594453016987	600.4048614192842	0.0	392.4513497607101	599.1899717001347	0.0	408.8618213440325	792.4507731890317	0.0	374.67452151511907	991.1127834710054	0.0	452.4144334010203	1009.7681251486373	0.0	439.2179259295314	1021.4208772846498	0.0	349.86040943407625	1010.4993167560837	0.0	363.87222763799053	595.4978418270449	0.0	370.7773331881397	783.9458515586459	0.0	355.5726076195268	976.5995974754903	0.0	442.21408351729906	995.4717195013152	0.0	428.9425736924913	991.8432362479845	0.0	331.3211230588527	995.0212134381102	0.0	391.06883344427	341.37404116705716	0.0	404.2356950168718	226.91732672900093	0.0	442.27761946911875	282.78222768589393	0.0	413.2673112601908	363.5958840171508	0.0	537.1732929255465	386.3179509191207	0.0	522.0750281555573	295.13427619388744	0.0	359.958720903217	365.79699058748207	0.0	381.98542008150685	419.006677077845	0.0	433.3255251232847	361.90339505065936	0.0
142	1.1833333333333333	380.4356644510141	600.1403959210351	0.0	392.90094242596825	598.9915404067498	0.0	409.0129378737691	792.181921279216	0.0	374.8982232533414	991.0676406746556	0.0	452.59501066869166	1009.75881712995	0.0	439.4159678088094	1021.3553038150278	0.0	350.007508975053	1010.448504141526	0.0	363.88641149831204	595.1342625300175	0.0	370.8178274049777	783.5821275026556	0.0	355.60000853745515	976.391519292092	0.0	442.3794756159141	995.3748343535128	0.0	428.90455604841463	991.781601366443	0.0	331.4322903351096	994.9458791843124	0.0	390.9571209342499	341.36595424612807	0.0	404.1241779027332	226.8875563813634	0.0	442.0557163481023	282.7686898494982	0.0	413.65433494534096	363.4898997681998	0.0	537.7325457076439	384.85023700225145	0.0	521.0469362302173	293.6316362305014	0.0	359.6628972939807	365.8982955914435	0.0	382.0078756859347	419.1141947221544	0.0	430.92509401331773	360.54191510010565	0.0
143	1.1916666666666667	380.6760485803021	599.8757310800202	0.0	393.3627242122817	598.7599969899685	0.0	409.19310970656335	791.9377564798493	0.0	375.17349544140467	991.0293177568316	0.0	452.7453833821336	1009.760496951032	0.0	439.6369830681132	1021.2958812730858	0.0	350.2526831696282	1010.3702899791284	0.0	363.9147083517959	594.7722832763612	0.0	370.8640538619455	783.2555593193225	0.0	355.60802658353515	976.2374399848218	0.0	442.52404835790554	995.318982797074	0.0	428.85285304797907	991.7615570284001	0.0	331.561309151862	994.8986131671819	0.0	390.8384286251585	341.3689420201058	0.0	403.97097544401845	226.89225820552394	0.0	441.8537359876024	282.7965192626341	0.0	414.0374824257074	363.3668531795724	0.0	538.2449527541057	383.397378338744	0.0	520.0223067581902	292.1817752382466	0.0	359.38058410189706	366.0431218781041	0.0	382.23516278770876	418.8622914321329	0.0	429.14717802057913	357.57929680750436	0.0
144	1.2	380.9230045433274	599.6373204761848	0.0	393.8306056489637	598.5146486067781	0.0	409.3907231299469	791.7394983355764	0.0	375.470063236179	991.0096061136912	0.0	452.86973965642795	1009.7681640967039	0.0	439.8747467413439	1021.2443041481115	0.0	350.56433650211994	1010.2799036147665	0.0	363.98196191451314	594.4353880441255	0.0	370.92382336066674	782.9954656019916	0.0	355.6155401960812	976.1572682103035	0.0	442.64449767726194	995.3142691203652	0.0	428.79096955075033	991.7833641123223	0.0	331.6985348298225	994.8913891552498	0.0	390.72128531071434	341.4000408432842	0.0	403.7938046562328	226.93616673457788	0.0	441.66587988700337	282.8808204915792	0.0	414.3920129348141	363.23347433699007	0.0	538.7100496861353	381.95159644111783	0.0	518.9965702682124	290.7756048578693	0.0	359.1402089529059	366.2186747697903	0.0	382.69758784747535	418.0746192920216	0.0	428.1277755453728	352.8150211225106	0.0
145	1.2083333333333333	381.1802252980661	599.447066769363	0.0	394.28850030854665	598.278635036467	0.0	409.58854560464124	791.5984935666979	0.0	375.74975717437945	991.0160067595103	0.0	452.9771556272257	1009.7769418363856	0.0	440.121793023429	1021.2034814900071	0.0	350.89207862781916	1010.1961510046779	0.0	364.1128708082113	594.1450852485032	0.0	371.00948242546707	782.8199955973848	0.0	355.6441277163839	976.1685745078273	0.0	442.7409627567294	995.3697442487043	0.0	428.73433423316874	991.8488887647044	0.0	331.83393590472167	994.9428150075253	0.0	390.61169807690504	341.47572091833183	0.0	403.61200704736314	227.02307300158108	0.0	441.48872719228257	283.0413906551103	0.0	414.6940800080102	363.0987805030568	0.0	539.1349049353109	380.49962963568254	0.0	517.9692220626625	289.3968047156744	0.0	358.9614685810574	366.407607519373	0.0	383.39794209273344	416.616345157331	0.0	427.9141912317682	346.22843069511435	0.0
146	1.2166666666666666	381.44652148923626	599.3135818675669	0.0	394.71970202392515	598.0672075935248	0.0	409.7730566836752	791.5046939548712	0.0	375.99099322174925	991.0454460638235	0.0	453.08324018849237	1009.7858333186895	0.0	440.37580513189397	1021.177912865954	0.0	351.1976458290867	1010.1340165685583	0.0	364.3202553380981	593.9177504461202	0.0	371.1345835949749	782.719814738326	0.0	355.7030900969576	976.2670443534187	0.0	442.80931602881896	995.482038604628	0.0	428.6962716411584	991.9517098809118	0.0	331.95950775897893	995.0547269248043	0.0	390.51477428468985	341.6080535046962	0.0	403.43596008729116	227.159136458218	0.0	441.3227390092531	283.29381746962355	0.0	414.93543584556943	362.97032531919183	0.0	539.532180901642	379.0278261918236	0.0	516.9520881044838	288.02891430231085	0.0	358.8531687564444	366.6005789622553	0.0	384.2994046834365	414.4976617657178	0.0	428.4228119415332	338.37578149024904	0.0
147	1.225	381.71911087676347	599.2385966255295	0.0	395.1153310626036	597.8899956346417	0.0	409.9436161059213	791.4417618042141	0.0	376.1949983957325	991.0883466327867	0.0	453.1961543046476	1009.7959944194029	0.0	440.6338064195327	1021.1686951717259	0.0	351.46803696842466	1010.095990197562	0.0	364.5990641226076	593.7613541946539	0.0	371.3061435059944	782.6728885939349	0.0	355.78840736575137	976.4291616039786	0.0	442.83839803619986	995.6362289392312	0.0	428.6750186593036	992.0746872866157	0.0	332.07776115604514	995.2098505155691	0.0	390.43336402449603	341.7975357802897	0.0	403.2714688130816	227.34812548900055	0.0	441.172221910875	283.64166170185615	0.0	415.12000780889235	362.85218314082954	0.0	539.9179347894863	377.52720002965856	0.0	515.9622957487752	286.6531665997734	0.0	358.8161294217519	366.7946272886201	0.0	385.340970447095	411.78333835272167	0.0	429.49336542630317	330.1057458579583	0.0
148	1.2333333333333334	381.998697657756	599.2286651935002	0.0	395.4759405560637	597.7619241040519	0.0	410.1103597819832	791.4088478350009	0.0	376.37599832506044	991.1351162390041	0.0	453.3102986187792	1009.8089598943873	0.0	440.8860705758867	1021.1730302365766	0.0	351.7089527642651	1010.0722014342023	0.0	364.9334345785946	593.6789180600542	0.0	371.52139716623896	782.6701254554547	0.0	355.88902570067677	976.6301276761108	0.0	442.8134669062831	995.8164277663325	0.0	428.65095744369046	992.1989252113403	0.0	332.20079313630544	995.389893916595	0.0	390.3656333208534	342.03335365289234	0.0	403.126359499364	227.58794537437774	0.0	441.04502112892317	284.0763752971198	0.0	415.2528395330886	362.74512265877905	0.0	540.3077990129508	375.9936751609569	0.0	515.0087149205899	285.2444757011261	0.0	358.84543403429416	366.98312107621194	0.0	386.45115246826316	408.4880385478959	0.0	430.9445043395438	322.0970911246332	0.0
149	1.2416666666666667	382.2901757525407	599.2907772950591	0.0	395.8073767891951	597.6998002330135	0.0	410.2857167638517	791.4146071592564	0.0	376.552234224299	991.174928378798	0.0	453.4178248535503	1009.8293942252324	0.0	441.11773114647093	1021.1910988326819	0.0	351.93602158944174	1010.0525789351706	0.0	365.3071170978789	593.674070996969	0.0	371.77303184786007	782.7142220205793	0.0	355.98910692125827	976.8481863981842	0.0	442.72015163155515	996.0107103748908	0.0	428.59185011965087	992.3106374644356	0.0	332.33645023528277	995.5823000131443	0.0	390.30753166602244	342.30226219692406	0.0	403.00434997415465	227.87355922499688	0.0	440.9476785555512	284.58243865631454	0.0	415.33871048481205	362.6487439601597	0.0	540.7146140870698	374.42701695372114	0.0	514.0867490078825	283.77741555660225	0.0	358.9321628537888	367.1575475182438	0.0	387.5472620143705	404.6447185999399	0.0	432.5690950493911	314.73819872439867	0.0
150	1.25	382.598079214724	599.4190856116043	0.0	396.11775292856674	597.7086470624123	0.0	410.47955002807373	791.4605586300323	0.0	376.7425816017713	991.1939753863553	0.0	453.51865150453494	1009.8654509568995	0.0	441.316775074777	1021.2273272703313	0.0	352.1674217383039	1010.0351460931843	0.0	365.7054000354459	593.7476386856536	0.0	372.05344205567417	782.8047558556162	0.0	356.0698667986554	977.0576389882541	0.0	442.5476223213114	996.2061316351483	0.0	428.46455514822793	992.3999070819499	0.0	332.4804639565283	995.772484143523	0.0	390.2574124158497	342.5933150415418	0.0	402.89941962049744	228.1984153852221	0.0	440.8789648968643	285.1416742744056	0.0	415.38783505731357	362.5625685765218	0.0	541.1482765738573	372.8318444362987	0.0	513.1840833446427	282.2352899291582	0.0	359.06567356215703	367.31597663884367	0.0	388.542833431835	400.3687725479444	0.0	434.14658373900926	308.1910185886643	0.0
151	1.2583333333333333	382.9230808242354	599.5931025936884	0.0	396.41880108040397	597.7765349365288	0.0	410.6997229800571	791.5417509458704	0.0	376.9639178366365	991.1829687747157	0.0	453.6151010019327	1009.9238408107205	0.0	441.48037020812905	1021.2801154563358	0.0	352.4165216178252	1010.018628918182	0.0	366.1131058678287	593.8873700782525	0.0	372.35276310502655	782.9364915545223	0.0	356.11737829963477	977.2337752786841	0.0	442.2920801905718	996.3858777739454	0.0	428.2496518374558	992.4570339006539	0.0	332.6255750119684	995.9438175651085	0.0	390.2165652757294	342.8936336481614	0.0	402.801903863567	228.5518080869248	0.0	440.8301821883955	285.7327749784755	0.0	415.4132600419231	362.48331857424967	0.0	541.6130162228372	371.2166795034086	0.0	512.2885262537629	280.61287529497247	0.0	359.2341313366489	367.4610347199109	0.0	389.3654468098203	395.749944771621	0.0	435.50489393351603	302.46926924252665	0.0
152	1.2666666666666666	383.26086771217	599.7876083072196	0.0	396.7252789010584	597.8811763928971	0.0	410.95475588976973	791.6528522614251	0.0	377.22794065807085	991.1424689334139	0.0	453.7053347015863	1010.0068363989348	0.0	441.6127081021244	1021.3379575108585	0.0	352.69044925440073	1009.9940261259001	0.0	366.5165523921625	594.0678593449448	0.0	372.6576563621168	783.1015366682182	0.0	356.12716971624445	977.3632269007685	0.0	441.9582492016581	996.5346891514931	0.0	427.9463742255102	992.4728298069444	0.0	332.7705637722867	996.0812682147347	0.0	390.185986823173	343.18687934021114	0.0	402.70213805129197	228.9183875554688	0.0	440.79169396600594	286.329178540081	0.0	415.4231722700172	362.4032820721731	0.0	542.1053034536815	369.5899600383579	0.0	511.3907689538294	278.9159013117263	0.0	359.42269467012983	367.5945657715847	0.0	389.9596065458875	390.7802155463696	0.0	436.5458488729166	297.50054042298774	0.0
153	1.275	383.6012353185421	599.9829810332981	0.0	397.04741974747515	597.9999969285143	0.0	411.25078983205555	791.7844306384098	0.0	377.53713164183	991.0765039224044	0.0	453.7906202924198	1010.1130863098499	0.0	441.7203577778081	1021.3901927328718	0.0	352.99185826671595	1009.9520241203263	0.0	366.90592798209343	594.2660452320883	0.0	372.9571945147065	783.2870350069566	0.0	356.1015651900944	977.4426765182633	0.0	441.5632990699828	996.6439275279223	0.0	427.57086979720646	992.4435188010043	0.0	332.91379917036625	996.1689944372052	0.0	390.1654978578081	343.4587214301986	0.0	402.58511857315005	229.28107273462462	0.0	440.75670322181895	286.900674957939	0.0	415.42368097956614	362.3137930727745	0.0	542.6166753779996	367.9572920244671	0.0	510.4861023605595	277.16085572609654	0.0	359.6155058135314	367.71990808419133	0.0	390.27502880574906	385.4932224253265	0.0	437.215844147771	293.1521430271462	0.0
154	1.2833333333333332	383.9310922896664	600.1707263248314	0.0	397.38446367583356	598.1166951913648	0.0	411.5819384004876	791.9216913773527	0.0	377.87963957292266	990.9875349742706	0.0	453.8831098825527	1010.2379394965558	0.0	441.8127940528891	1021.4345601420581	0.0	353.3148387051307	1009.8933299536159	0.0	367.2753829405222	594.4730757622085	0.0	373.2480387472947	783.4797909185144	0.0	356.0495476721378	977.475880552572	0.0	441.1449401964426	996.7134944149886	0.0	427.16009453889905	992.3755854267621	0.0	333.04552616579826	996.1940512733347	0.0	390.1553670768199	343.7000026654934	0.0	402.4341187783699	229.62138011832567	0.0	440.7206505163284	287.41793439069914	0.0	415.42320227008	362.20969960202393	0.0	543.1365420002751	366.322798115431	0.0	509.5789540708061	275.3721166730353	0.0	359.80273805705366	367.84227717038175	0.0	390.2735353123414	380.0899614855887	0.0	437.4924392790276	289.25566985894454	0.0
155	1.2916666666666667	384.2413256886365	600.352654049921	0.0	397.72779026942186	598.2210901353545	0.0	411.9284655383484	792.0540681045038	0.0	378.22843380034163	990.8771766567284	0.0	453.9953284023845	1010.3752116833388	0.0	441.89986821153866	1021.4742309443927	0.0	353.6366389696851	1009.8199737498453	0.0	367.62383621881906	594.6871992153476	0.0	373.53057452640303	783.6748795792246	0.0	355.9880555532034	977.4751412318844	0.0	440.7563396180175	996.7542531927733	0.0	426.7702648303779	992.2863583872441	0.0	333.15353690817597	996.156574803556	0.0	390.15510437885274	343.9050770729025	0.0	402.2477469921797	229.91616322708185	0.0	440.6831162004364	287.85663843196306	0.0	415.4235130964545	362.09091043745053	0.0	543.6516701551377	364.69286657473185	0.0	508.6825787110772	273.57545829791616	0.0	359.98461411473886	367.9624087329418	0.0	389.96670611658897	374.84642609240905	0.0	437.4088858252697	285.6629449740317	0.0
156	1.3	384.5298210881139	600.5322837212277	0.0	398.0675277230269	598.302639058353	0.0	412.2672376826645	792.1786684844672	0.0	378.54690968972767	990.7457436648087	0.0	454.12511716337	1010.5202946994071	0.0	441.98351175802264	1021.5148719372093	0.0	353.9160692010759	1009.7222657881392	0.0	367.95517939650233	594.8987837049764	0.0	373.80430364473887	783.8705855547654	0.0	355.9368334956199	977.4558492049699	0.0	440.44320500389773	996.7849047976945	0.0	426.4592618311529	992.1990710570545	0.0	333.2299446081541	996.070075028546	0.0	390.1612851953328	344.07197186391227	0.0	402.04411786178184	230.13693367324134	0.0	440.6500085912291	288.199493083978	0.0	415.4143794091941	361.960959216598	0.0	544.1481228024469	363.07840167366203	0.0	507.8125032542215	271.79411097261027	0.0	360.168745079775	368.07321313731364	0.0	389.43715550386713	369.9757342147989	0.0	437.05796626709076	282.29338362996907	0.0
157	1.3083333333333333	384.7984542984473	600.7046351567071	0.0	398.39316954118215	598.3471088332427	0.0	412.58055349643564	792.2892788388325	0.0	378.7980457621498	990.5920804921375	0.0	454.2623774322908	1010.669422838493	0.0	442.05950901738316	1021.564258621858	0.0	354.1086222120394	1009.586221490242	0.0	368.2757574416616	595.0891178967341	0.0	374.0715932972274	784.0527739681651	0.0	355.910190492423	977.4254335856529	0.0	440.23058081141534	996.8195407403431	0.0	426.26977554970387	992.1333588252337	0.0	333.268629087577	995.9483960684914	0.0	390.16887517178225	344.20445545760117	0.0	401.84222609981043	230.2574737371356	0.0	440.62946334936555	288.4361908691226	0.0	415.38554609637123	361.82384485752743	0.0	544.6184836169319	361.49312931971855	0.0	506.9841630522702	270.05072783629447	0.0	360.3622951333692	368.16301954018894	0.0	388.8062137263709	365.6061058966261	0.0	436.55301099630805	279.1240105739251	0.0
158	1.3166666666666667	385.0503817687102	600.8553693003223	0.0	398.69267990760284	598.3443794416952	0.0	412.8588417686961	792.3730940752123	0.0	378.95860498834077	990.4150393947565	0.0	454.4043838782226	1010.8170721103231	0.0	442.1281425164594	1021.6284202002086	0.0	354.1916278657612	1009.4070375573293	0.0	368.5922532476938	595.2447075415201	0.0	374.3417021831386	784.1960809677639	0.0	355.9134949280534	977.3801178323938	0.0	440.1268608686119	996.8596267318546	0.0	426.2220743829976	992.0970625508028	0.0	333.26505999381084	995.7959531192429	0.0	390.1740172966679	344.30928194625824	0.0	401.64796037185374	230.2671241260255	0.0	440.6272535269489	288.5641723847254	0.0	415.3355668319568	361.68168605401814	0.0	545.0649919964471	359.94778045818435	0.0	506.21380015210553	268.36902617324694	0.0	360.5643127329112	368.22109357119785	0.0	388.1795160264552	361.80395508751286	0.0	435.99144581933507	276.1507974232288	0.0
159	1.325	385.2912859123176	600.9703305312364	0.0	398.9580471557617	598.2977875256753	0.0	413.1022473258156	792.4243205969383	0.0	379.03115823640894	990.2170823955568	0.0	454.55011387273225	1010.957149775511	0.0	442.19313361904494	1021.7065292498119	0.0	354.1733943030678	1009.1887594543988	0.0	368.91196809377107	595.3651657250442	0.0	374.6258642934844	784.2856865282724	0.0	355.9465875425654	977.3128923755864	0.0	440.1240758307637	996.9017808926535	0.0	426.30900557096777	992.0873808559903	0.0	333.2229940205402	995.6154205448328	0.0	390.17513988109204	344.391740831146	0.0	401.46037256647173	230.17420257800916	0.0	440.6478845690422	288.59071411563934	0.0	415.26498522903995	361.5349499082819	0.0	545.4926035933588	358.44524888005225	0.0	505.51441953186963	266.7680964752653	0.0	360.7670270521315	368.2419174473023	0.0	387.6172748490013	358.5863828504875	0.0	435.44044597294686	273.37156510891305	0.0
160	1.3333333333333333	385.5295092126089	601.0437144077109	0.0	399.18992909329296	598.2216728814674	0.0	413.31704100029344	792.4496512517417	0.0	379.037327235515	990.0083622649263	0.0	454.68647384912435	1011.0877405812677	0.0	442.25087286283957	1021.7938389656671	0.0	354.07733149490196	1008.9417723581699	0.0	369.24166763695314	595.4545053584199	0.0	374.9294604690475	784.3264091040317	0.0	356.009848804577	977.2216863405035	0.0	440.1980572371131	996.948895091634	0.0	426.50257861692035	992.0981285712968	0.0	333.15509548498795	995.419051283765	0.0	390.17286986888666	344.45599257025316	0.0	401.2798858415606	229.99528540989306	0.0	440.6949815203072	288.53373499801484	0.0	415.17178920630846	361.3843482261626	0.0	545.9014302589629	356.98177733505946	0.0	504.8899822314076	265.25376655358025	0.0	360.9630718052044	368.2254338304366	0.0	387.1427040170455	355.9319766462518	0.0	434.939219856509	270.7862093041509	0.0
161	1.3416666666666666	385.7708495202926	601.0809422965299	0.0	399.3932532307096	598.1352638028713	0.0	413.50645963600874	792.4595394781492	0.0	378.999178489413	989.8046678869583	0.0	454.7950577876215	1011.2126037813312	0.0	442.2922971091101	1021.8908208711093	0.0	353.92635299730114	1008.6876749188951	0.0	369.5836387579657	595.5178114856852	0.0	375.24975096007427	784.3309063689102	0.0	356.10515045962325	977.109501177966	0.0	440.3219716966602	997.0072097462867	0.0	426.7732380110475	992.1219628442788	0.0	333.07472979066654	995.224836675107	0.0	390.1700510047539	344.50613008822637	0.0	401.10399826479005	229.74949600586027	0.0	440.7651473657652	288.42206406531216	0.0	415.0616395595687	361.23352200550056	0.0	546.2864538119228	355.55017507447445	0.0	504.33430351639504	263.8180783142749	0.0	361.14903368788976	368.1734433232505	0.0	386.77276516942754	353.78110787337226	0.0	434.5178271678992	268.387506374377	0.0
162	1.35	386.01391789894285	601.1023253798381	0.0	399.57223692934565	598.0647963726018	0.0	413.66854560335594	792.4667831173313	0.0	378.9324593979501	989.6207977642496	0.0	454.86738272082636	1011.3366115176366	0.0	442.314767136084	1022.004625842005	0.0	353.7422021479384	1008.45673237746	0.0	369.93519048130815	595.5723076920538	0.0	375.5784495930438	784.3153754105529	0.0	356.2308361483473	976.9831637973627	0.0	440.4797816748365	997.0786639177996	0.0	427.09803781123554	992.1507878470742	0.0	332.9914193650699	995.0482082473936	0.0	390.1708101055235	344.54389955026977	0.0	400.9219898258934	229.46345231647098	0.0	440.8437344132721	288.2943762803268	0.0	414.955922285798	361.0898538044868	0.0	546.6399509220475	354.14203766979006	0.0	503.8345709739455	262.4477061147425	0.0	361.32653780081466	368.0874646746243	0.0	386.53518818304923	352.03882738183506	0.0	434.2117525459114	266.1534088102789	0.0
163	1.3583333333333334	386.2533008338438	601.1391913169148	0.0	399.7330724071792	598.0407368718035	0.0	413.8042608156916	792.4892509852561	0.0	378.8537951575087	989.467072214924	0.0	454.9012322130204	1011.4615437418838	0.0	442.3214024039014	1022.139767477724	0.0	353.54664643155496	1008.2722951023205	0.0	370.293052423329	595.6461514379951	0.0	375.90367820796894	784.3048916264217	0.0	356.37877148810253	976.8543314492712	0.0	440.6615171500342	997.1640186006438	0.0	427.45059177827784	992.1806918364957	0.0	332.9145343207084	994.9046181788644	0.0	390.1774007083445	344.5656200195747	0.0	400.7199991197756	229.16994258214373	0.0	440.91244377272784	288.1902309719148	0.0	414.88045263678146	360.9597442152892	0.0	546.9536930372647	352.7510886318556	0.0	503.3764390389812	261.13197942230306	0.0	361.5017914885381	367.97084718795224	0.0	386.45543185914056	350.6080625837078	0.0	434.04992852137724	264.06594029431375	0.0
164	1.3666666666666667	386.4869884831795	601.2165582049729	0.0	399.8865088604402	598.0827490441795	0.0	413.9223823633786	792.5407006410243	0.0	378.784963378822	989.3492659673586	0.0	454.89059578666837	1011.586778566795	0.0	442.31245994524755	1022.2919963937954	0.0	353.3585159689852	1008.1415490047945	0.0	370.65595854786767	595.7591979021037	0.0	376.21156163587415	784.3255823110906	0.0	356.5355854619053	976.7336483587445	0.0	440.8499008074721	997.2632130451368	0.0	427.79140923314816	992.2096991879055	0.0	332.8540722480561	994.8094844268364	0.0	390.1882579564276	344.5625481489627	0.0	400.4873351935226	228.89734138977454	0.0	440.9592931441602	288.13579648363304	0.0	414.84922472026096	360.8439577662968	0.0	547.2217007163752	351.37502484273153	0.0	502.94758431951345	259.8635861783657	0.0	361.68052370289666	367.83125305348597	0.0	386.5408863860604	349.42058199808497	0.0	434.0335818901686	262.1308537448285	0.0
165	1.375	386.71832783982353	601.3394624993039	0.0	400.0424688465571	598.191152645751	0.0	414.0337442217714	792.6189714180126	0.0	378.74633735524986	989.2663746948335	0.0	454.8324530613977	1011.71209277772	0.0	442.2855904639795	1022.4520516403784	0.0	353.1909666085877	1008.0616021896338	0.0	371.023099781969	595.9121183682487	0.0	376.4921611460579	784.3861062234961	0.0	356.6854577556758	976.6197548974774	0.0	441.0231658225674	997.365764758551	0.0	428.0757722474545	992.2274901502134	0.0	332.81467594118885	994.763745415479	0.0	390.20059778991947	344.52513666757324	0.0	400.2163732478466	228.66531819036945	0.0	440.97703751347467	288.139559596412	0.0	414.86517526495396	360.7409695182191	0.0	547.440259831909	350.014002676126	0.0	502.53695528987555	258.63306237518776	0.0	361.86415627107243	367.68042768538965	0.0	386.7803831563488	348.42182007011	0.0	434.13563447489736	260.3589017299461	0.0
166	1.3833333333333333	386.9511282830519	601.4948761542838	0.0	400.2039921781237	598.3522270063859	0.0	414.14499266520573	792.7051945554406	0.0	378.7492878273975	989.2083795991754	0.0	454.7365804027478	1011.8380092559515	0.0	442.24023274640086	1022.6083430700087	0.0	353.05054857640823	1008.0255218997025	0.0	371.3916275868792	596.0910771248612	0.0	376.7432390416683	784.4715472268617	0.0	356.8148831941445	976.5007046062735	0.0	441.1695863975739	997.4522589515198	0.0	428.27043564944523	992.2177754643654	0.0	332.79440026621677	994.74845139718	0.0	390.2136744728275	344.4481236331848	0.0	399.9050477330652	228.48778818439067	0.0	440.95979266179546	288.1984733746746	0.0	414.93195378127575	360.65239100756713	0.0	547.6055848071092	348.6694919002765	0.0	502.1305642102258	257.4257059244836	0.0	362.052557175519	367.5304215565794	0.0	387.14857851470157	347.5475751494871	0.0	434.316380743719	258.7362920702922	0.0
167	1.3916666666666666	387.186243345728	601.660651841596	0.0	400.3683380201412	598.5442379348418	0.0	414.25942507843513	792.7740347666088	0.0	378.7949126577835	989.1615499847499	0.0	454.6187342039216	1011.964360072555	0.0	442.1772082210396	1022.7443877352824	0.0	352.9373724349271	1008.0213292748631	0.0	371.7555060079372	596.2731721443096	0.0	376.9644149843998	784.5577120644353	0.0	356.9159786782917	976.3694299749457	0.0	441.2882769857467	997.508927923715	0.0	428.3602086954219	992.1719081085707	0.0	332.7898857316417	994.7434959918257	0.0	390.22938248733294	344.33356276003656	0.0	399.56380534595314	228.37101555569103	0.0	440.91097761923976	288.3002876848396	0.0	415.0544593942228	360.58010618986583	0.0	547.714034012102	347.34428298195155	0.0	501.7093678346562	256.22700653606773	0.0	362.2472182289454	367.3885387652344	0.0	387.6055219317354	346.7428079174304	0.0	434.53348532881137	257.23521128365394	0.0
168	1.4	387.42273429897875	601.8108043081693	0.0	400.53107658619973	598.7395968282812	0.0	414.3777676971592	792.8076375772065	0.0	378.8739359280705	989.1166073525502	0.0	454.4894191579351	1012.0904179553355	0.0	442.0968186799085	1022.8423665818134	0.0	352.84512548468865	1008.0352170131952	0.0	372.1074137580862	596.429748443656	0.0	377.1531838815523	784.6274041853292	0.0	356.9855001833921	976.2317619764056	0.0	441.38245107891413	997.5347644677163	0.0	428.3522236387439	992.0920938649651	0.0	332.7984600330511	994.7445538078891	0.0	390.2529098838668	344.1885735405369	0.0	399.21384892551686	228.3090086138119	0.0	440.84696827883005	288.4244793590053	0.0	415.2281887366129	360.5190893800283	0.0	547.7654556625318	346.041385624699	0.0	501.2529536397288	255.03016125064298	0.0	362.449895402247	367.2573108563723	0.0	388.0992748942449	345.9842361125463	0.0	434.7464811324852	255.84496438272964	0.0
169	1.4083333333333332	387.65889497223907	601.9167411783015	0.0	400.6873261273956	598.9088477729903	0.0	414.4961959419222	792.7997367485243	0.0	378.96860099214007	989.0722427823927	0.0	454.3594670533392	1012.2155971218324	0.0	442.0016700811642	1022.8952765215341	0.0	352.76406461667557	1008.0613502838412	0.0	372.4436464955607	596.5349776829214	0.0	377.31247720763866	784.6701584840694	0.0	357.0240542979175	976.0993796578798	0.0	441.4648313573926	997.5375462788911	0.0	428.2838041671751	991.9855900952142	0.0	332.81655347501373	994.7570610658751	0.0	390.2928550652742	344.02127312830095	0.0	398.8738933754533	228.2849630824895	0.0	440.7821886357722	288.54938437004637	0.0	415.43713121612427	360.4581752264878	0.0	547.7656999794785	344.7617040616346	0.0	500.7451253565277	253.83665686456897	0.0	362.66064078924194	367.13885529217373	0.0	388.58698854882726	345.2598138485554	0.0	434.92499140517725	254.5727961758125	0.0
170	1.4166666666666667	387.89200144043883	601.9501293369646	0.0	400.83180011537377	599.0245542899546	0.0	414.6092994703422	792.7485194694151	0.0	379.06061940383177	989.0355719563797	0.0	454.24779927212006	1012.3386893184509	0.0	441.8970953662469	1022.9134822781532	0.0	352.68546605815135	1008.1053907765587	0.0	372.7663305822062	596.573133775639	0.0	377.4572129560496	784.6751868837317	0.0	357.03726473090984	975.9842489611145	0.0	441.5591494639692	997.5286670027887	0.0	428.21172279221395	991.8638492122886	0.0	332.83954198431167	994.7840338659805	0.0	390.35686781649184	343.8419174733868	0.0	398.5517645269057	228.27656093271386	0.0	440.7177775047724	288.65766977341747	0.0	415.6621973895634	360.3872405644233	0.0	547.7260219899615	343.5031463030919	0.0	500.1759102781376	252.65202930966956	0.0	362.8774394891949	367.0364323170861	0.0	389.0546296071501	344.5479153347778	0.0	435.05440248312294	253.42509162422155	0.0
171	1.425	388.119758128992	601.8916463689446	0.0	400.96180896223825	599.0632828361208	0.0	414.71739225304674	792.6553734124013	0.0	379.1366206337794	989.0183938916825	0.0	454.16510540138415	1012.4569316690776	0.0	441.7811861837719	1022.9176785660243	0.0	352.5996878337455	1008.1752244825108	0.0	373.0799106953383	596.5365689992487	0.0	377.60681626979476	784.6367263702986	0.0	357.0342323496237	975.8993300848737	0.0	441.6807798097414	997.5193296056074	0.0	428.18109742312424	991.7425751311753	0.0	332.863457520159	994.8278958670625	0.0	390.4460062975473	343.6643794599281	0.0	398.2505230145907	228.26113232430768	0.0	440.65204788644945	288.7361000419921	0.0	415.88628743769175	360.3003748071458	0.0	547.661559972519	342.26267408811833	0.0	499.5408387757744	251.48289281103678	0.0	363.09479295519316	366.95232717135156	0.0	389.50427558010824	343.8376969853753	0.0	435.1333452023861	252.40189514051667	0.0
172	1.4333333333333333	388.3426916013386	601.7404640763332	0.0	401.08111736106014	599.0127843211484	0.0	414.82685674071945	792.5340538629367	0.0	379.18695246714833	989.0303827221417	0.0	454.1005616193959	1012.5664197540052	0.0	441.6428648037762	1022.9273519526616	0.0	352.4955313091556	1008.2713194307368	0.0	373.38885855155183	596.424518993846	0.0	377.772795994304	784.5667740747299	0.0	357.0213956862538	975.8546915377866	0.0	441.82370874575736	997.5167947914065	0.0	428.2070749247152	991.6357986432819	0.0	332.8851507268646	994.8936579819732	0.0	390.55435459644247	343.50166811087746	0.0	397.9736154136833	228.2236238452011	0.0	440.58968416102897	288.7761704962257	0.0	416.0935963429722	360.1960159691777	0.0	547.5877513630958	341.03679166986296	0.0	498.8419027958917	250.33657398597438	0.0	363.3018778057078	366.8869546398429	0.0	389.9332081859478	343.14319637622367	0.0	435.1673116816195	251.4973874864136	0.0
173	1.4416666666666667	388.5640016012016	601.5126130048918	0.0	401.19845987092356	598.8786352054832	0.0	414.94052424563154	792.4122506678118	0.0	379.2046213257339	989.0763378074876	0.0	454.04148079989164	1012.6640248625557	0.0	441.4783125950632	1022.9556027498015	0.0	352.3684780481688	1008.3907826778005	0.0	373.7005992118587	596.2460814884743	0.0	377.9582726311353	784.4936463926673	0.0	356.99899022745336	975.8516832505679	0.0	441.9759604184992	997.5239648479759	0.0	428.2880113820891	991.5522789033419	0.0	332.9001739550442	994.9807622241966	0.0	390.6731999397337	343.36215306967017	0.0	397.72018552734215	228.161918613086	0.0	440.53075444221184	288.7760565850475	0.0	416.27214518333574	360.0774684251249	0.0	547.5143847885679	339.81826299761013	0.0	498.09175605300123	249.22272425114087	0.0	363.4855299004923	366.8390146472658	0.0	390.3430092050523	342.4751846374662	0.0	435.16814578456257	250.6970846801112	0.0
174	1.45	388.78824459459145	601.2306331000325	0.0	401.32195972435966	598.6775230720132	0.0	415.05152331147235	792.3186939916991	0.0	379.1847746031276	989.1577693300325	0.0	453.98887960062194	1012.7495861013094	0.0	441.29903046875387	1023.0101722040915	0.0	352.2231206469171	1008.5359263628272	0.0	374.02718501789684	596.0172954679526	0.0	378.1652900905457	784.4460600784729	0.0	356.96544201093093	975.8859353039951	0.0	442.1354284710439	997.5436264075718	0.0	428.4263106793278	991.4995239086053	0.0	332.902263581248	995.0824792138935	0.0	390.79536600393374	343.25001732873517	0.0	397.4851980620013	228.07926633898728	0.0	440.4633863288888	288.7393418130236	0.0	416.42005359083896	359.9503031173981	0.0	547.4454496134229	338.595397119989	0.0	497.31484406783056	248.15240208782834	0.0	363.63818500805803	366.80376229143656	0.0	390.7538175788391	341.82025279817753	0.0	435.1591686335391	249.98236007973676	0.0
175	1.4583333333333333	389.02258172391544	600.9204908524401	0.0	401.45750334741376	598.4286710424004	0.0	415.15160360953763	792.2732927857568	0.0	379.1244475923501	989.2760479226587	0.0	453.94299148244187	1012.8239264079689	0.0	441.12046638517967	1023.0926592781962	0.0	352.0653348351126	1008.7103845795177	0.0	374.3801939042438	595.7559363891519	0.0	378.3944973078858	784.4452945908257	0.0	356.9223926698047	975.9578520566449	0.0	442.300101170854	997.5809933820674	0.0	428.62463356453793	991.4869602304633	0.0	332.8865184091765	995.2010364116531	0.0	390.91768935239656	343.16478340020024	0.0	397.2675868636327	227.97321136140346	0.0	440.3813339451489	288.6714235753155	0.0	416.5459497239804	359.81803545317763	0.0	547.3849313898834	337.357668955821	0.0	496.5390089984227	247.1327908028886	0.0	363.7627927387199	366.7728799210303	0.0	391.185922971125	341.16326725648497	0.0	435.1662432080469	249.34187745919235	0.0
176	1.4666666666666666	389.2788512431324	600.616217846468	0.0	401.6109675202223	598.157691918511	0.0	415.24336799131055	792.2870144880617	0.0	379.0250873030268	989.4342192188618	0.0	453.8955962580766	1012.8843894580373	0.0	440.9546878030891	1023.1963548063407	0.0	351.8986670831607	1008.9093912108513	0.0	374.7647888666223	595.4839435472479	0.0	378.6424509808859	784.5071261666003	0.0	356.8746337636383	976.0772319806	0.0	442.45589918886884	997.6405516627988	0.0	428.8716098439423	991.5232283521813	0.0	332.85364695614453	995.3524803142293	0.0	391.0397359741102	343.1020399918176	0.0	397.0730178029689	227.83400622243923	0.0	440.3008633408224	288.57482883315055	0.0	416.66290849037523	359.68238223316064	0.0	547.3386367023747	336.10290717759	0.0	495.78515872254576	246.1647498455393	0.0	363.8698071235341	366.73864638834834	0.0	391.6377769687941	340.50963348150964	0.0	435.19615281791374	248.7731697450253	0.0
177	1.475	389.5715561825794	600.3571467866445	0.0	401.78809209237704	597.9008771872224	0.0	415.338303244842	792.3623705428906	0.0	378.89562807356083	989.6336167271279	0.0	453.849529576569	1012.9263633781094	0.0	440.81700176375455	1023.3115468656212	0.0	351.7283930388406	1009.1206483940596	0.0	375.1817481493795	595.2333238981386	0.0	378.90624497861495	784.6393226508376	0.0	356.8296235741404	976.2536836440041	0.0	442.5901440650053	997.722956950305	0.0	429.1511887495836	991.6138253347465	0.0	332.81069838446575	995.5480234705503	0.0	391.15979858201626	343.05729465007613	0.0	396.9069587559412	227.64931677609064	0.0	440.2485097158179	288.4440808044774	0.0	416.7829335865577	359.5466158504241	0.0	547.3106307941312	334.83945438161055	0.0	495.0661504212697	245.24502474561677	0.0	363.9702037844724	366.6973756254983	0.0	392.09555331527434	339.868168475807	0.0	435.23133923429987	248.26744234907727	0.0
178	1.4833333333333334	389.9117466286812	600.1742868617104	0.0	401.9934422522661	597.695816904395	0.0	415.44505264795026	792.4959747541868	0.0	378.7535370145648	989.8693258051485	0.0	453.82857846253285	1012.9474402119854	0.0	440.7288111240275	1023.4317133688648	0.0	351.56454328868557	1009.3319687210557	0.0	375.63139865243517	595.0413681440594	0.0	379.1855231914557	784.8411292968826	0.0	356.7990627114217	976.4871948313297	0.0	442.70924559877466	997.8286518755576	0.0	429.4601393695317	991.7636203480747	0.0	332.76772022538375	995.7804024637309	0.0	391.2731363259338	343.0264059865802	0.0	396.7666703588589	227.40996674292057	0.0	440.23910644639085	288.2679884666741	0.0	416.91233582289493	359.4158544033137	0.0	547.3012057641218	333.5820927126635	0.0	494.38974899456093	244.3686074923741	0.0	364.0722012982178	366.6483626718244	0.0	392.5523085225701	339.22920439976406	0.0	435.2482606393738	247.7973881197236	0.0
179	1.4916666666666667	390.30229731365864	600.0784501926092	0.0	402.23062810490165	597.5648870634598	0.0	415.5665457299133	792.6822557915917	0.0	378.6207409824804	990.1289225094279	0.0	453.85146814741586	1012.9462770515655	0.0	440.70517821583235	1023.5492908054707	0.0	351.4182829300987	1009.5312761225681	0.0	376.1100577000289	594.9310263758013	0.0	379.4761453884244	785.1089084964249	0.0	356.79883842825103	976.772238493502	0.0	442.8285642638177	997.9628702120906	0.0	429.80024426738555	991.9768951564561	0.0	332.7362096358307	996.0363987851036	0.0	391.3737722880136	343.00271521415743	0.0	396.64004712289176	227.11546804867547	0.0	440.272665876133	288.042607255156	0.0	417.0473481950449	359.29448834306555	0.0	547.3085564315662	332.3456925833344	0.0	493.7567393498655	243.53201859433165	0.0	364.1830886796379	366.592323572633	0.0	393.01273816041646	338.577651746518	0.0	435.24100958887016	247.32847750842066	0.0
180	1.5	390.73719120586827	600.0603915797299	0.0	402.5004341250991	597.5079423573422	0.0	415.7042581092604	792.9104540363022	0.0	378.5150729619547	990.3918928071064	0.0	453.90796001039814	1012.9225237915902	0.0	440.74286173864493	1023.6521626811904	0.0	351.29699011186386	1009.7028440578792	0.0	376.6061794438482	594.898915161945	0.0	379.7667599962755	785.4350259289228	0.0	356.8445424148777	977.1010014524763	0.0	442.95275556571085	998.1307445153714	0.0	430.1606325330036	992.2487569205337	0.0	332.7296386257875	996.3084335905372	0.0	391.45773843397495	342.9770775032929	0.0	396.51014639674327	226.77962289744522	0.0	440.3409402164781	287.7820570433899	0.0	417.1738726962936	359.1833636875847	0.0	547.3285693213736	331.1404979038112	0.0	493.16211286758744	242.7357006538101	0.0	364.3096290667754	366.53268962719534	0.0	393.48711317857385	337.9076924613628	0.0	435.23081646486696	246.83703331254338	0.0
181	1.5083333333333333	391.20255072434384	600.0987087104171	0.0	402.79811651716034	597.510519840444	0.0	415.85603800075666	793.1619602627277	0.0	378.4448971806377	990.6334750529228	0.0	453.9748899046758	1012.8833474061785	0.0	440.82562901092734	1023.7329912575241	0.0	351.20508457922796	1009.8349942400959	0.0	377.1042204264716	594.9278831767567	0.0	380.04431163266224	785.8002816424366	0.0	356.943109195204	977.4557911273657	0.0	443.07655479900666	998.3268761855192	0.0	430.52007094799575	992.5588075414701	0.0	332.75683808239154	996.58465483468	0.0	391.5253474905508	342.9408985119641	0.0	396.36109224772264	226.43187952765524	0.0	440.4264317504654	287.51445852555526	0.0	417.2741652932191	359.07979663318457	0.0	547.3524613914423	329.97121425355886	0.0	492.60508308753094	241.98114269034116	0.0	364.4556169087091	366.47608114126115	0.0	393.9837224012722	337.201241420619	0.0	435.25349364435584	246.30679057235236	0.0
182	1.5166666666666666	391.67981813954816	600.1679085348219	0.0	403.1147295967298	597.556781582737	0.0	416.0122664149289	793.4166728795643	0.0	378.40880601850887	990.835761873388	0.0	454.0402110225478	1012.8440021634888	0.0	440.93553188619325	1023.7957981141623	0.0	351.14478458569175	1009.93110380261	0.0	377.5906151556893	595.0026674884024	0.0	380.30035078298107	786.1735273738591	0.0	357.08730578026973	977.8080018056888	0.0	443.196581225255	998.5349624340053	0.0	430.86299427400104	992.8791082181165	0.0	332.81336818266647	996.8432404532514	0.0	391.5800716767932	342.88956867676916	0.0	396.1836393141365	226.1079287094125	0.0	440.50467186445303	287.26982018533187	0.0	417.3382532273647	358.9827945620242	0.0	547.3699914265958	328.8388729603026	0.0	492.0940371613369	241.26892361700013	0.0	364.6213276199165	366.42905669114907	0.0	394.5067803536806	336.41298786005973	0.0	435.34100643952746	245.71950807692093	0.0
183	1.525	392.1520369728909	600.2465214969486	0.0	403.44133649813824	597.6332959082089	0.0	416.1624569864486	793.6598454131837	0.0	378.4001544104058	990.9929849225242	0.0	454.09711234261556	1012.8146862892119	0.0	441.05324349400087	1023.8440605783884	0.0	351.1142735096771	1010.0022726618658	0.0	378.0557109519699	595.1087526200556	0.0	380.5293773782114	786.5213375361672	0.0	357.2599489479772	978.1317104590248	0.0	443.3114049587371	998.7385160587567	0.0	431.18555175681456	993.1880327301312	0.0	332.88911845887793	997.066659463832	0.0	391.6250917548366	342.8239985404984	0.0	395.97587652029523	225.8376802247786	0.0	440.55950535050357	287.0732580381582	0.0	417.3698417043942	358.89647887128996	0.0	547.3768530087751	327.74212627673836	0.0	491.637366314089	240.60124138819322	0.0	364.8048291557436	366.393906645026	0.0	395.05647370723364	335.5037495616223	0.0	435.5153249267384	245.0661595030614	0.0
184	1.5333333333333332	392.60797412886205	600.3227886114181	0.0	403.7707368461088	597.7257754046558	0.0	416.30381039989186	793.8814322209834	0.0	378.4173884642316	991.1043228099919	0.0	454.1329734897913	1012.7924192757662	0.0	441.15629133204874	1023.870611210365	0.0	351.11395111580106	1010.0516080790673	0.0	378.4941710395477	595.2274094424644	0.0	380.72270642278	786.8179059976501	0.0	357.4412472917984	978.4123451963188	0.0	443.41053298405194	998.929093542289	0.0	431.4849391534586	993.4741303529954	0.0	332.98294745226934	997.2506731315015	0.0	391.6625935159443	342.7481537079113	0.0	395.7374685060408	225.63987362786838	0.0	440.59046321286894	286.9400088625227	0.0	417.37916771956515	358.8273028752347	0.0	547.3759012276686	326.67763349029497	0.0	491.233771927207	239.98118182344288	0.0	365.00340657137207	366.36726067036244	0.0	395.6281854840882	334.472130683691	0.0	435.7861343032177	244.35567658872287	0.0
185	1.5416666666666667	393.0414399118345	600.3930369589751	0.0	404.09604430423434	597.8206069595468	0.0	416.4362638988611	794.073697447224	0.0	378.46790936271566	991.166832601102	0.0	454.14316477308097	1012.772420802307	0.0	441.22878915479697	1023.8689087535615	0.0	351.15395936749314	1010.0755389854633	0.0	378.90676530168963	595.3402771702524	0.0	380.8695141352974	787.0495915237954	0.0	357.61073531877094	978.6404296454023	0.0	443.47611666607185	999.1043213162163	0.0	431.7508609332637	993.7304135187246	0.0	333.09837955350235	997.3932555154815	0.0	391.69738523110163	342.6651761360381	0.0	395.46782337728	225.51993223571506	0.0	440.6006662090979	286.8694954228728	0.0	417.3727501925946	358.7806708828711	0.0	547.3712622229305	325.64180386121126	0.0	490.8764892177105	239.40741896397364	0.0	365.2148152343785	366.34187074002233	0.0	396.2137325021624	333.33448413791274	0.0	436.1439992624011	243.59868940953362	0.0
186	1.55	393.4501257209956	600.4546973367123	0.0	404.4119662992024	597.9084266433881	0.0	416.5545448996231	794.2324862525887	0.0	378.5582440662372	991.1764872996529	0.0	454.1430308723456	1012.760022175581	0.0	441.26901109796637	1023.8439272678411	0.0	351.24409644245145	1010.0735184776598	0.0	379.29826400649705	595.4343396118076	0.0	380.96482248478753	787.215629635415	0.0	357.74742864645594	978.8054808157449	0.0	443.49791996503393	999.2617139628821	0.0	431.9683471814712	993.9504883699282	0.0	333.2274402978709	997.4856782701579	0.0	391.7383334573326	342.5759215709285	0.0	395.17163116630485	225.47049877784045	0.0	440.58876298378374	286.84866659585697	0.0	417.35408270647275	358.75711636181495	0.0	547.3647799562674	324.63394774609793	0.0	490.56215968725485	238.872294648793	0.0	365.43534815095154	366.3098121294105	0.0	396.79721657514386	332.0990240676261	0.0	436.5593195500468	242.79582774533296	0.0
187	1.5583333333333333	393.8350535230928	600.5008882039175	0.0	404.7192457030275	597.9799512058305	0.0	416.6538605250618	794.3587321776079	0.0	378.68533152971895	991.1333027294356	0.0	454.1479023201414	1012.7632673776485	0.0	441.27987139209256	1023.8039854495744	0.0	351.37692823426755	1010.0461038294503	0.0	379.66990501746085	595.4974015230991	0.0	381.0125310072078	787.3241952753523	0.0	357.83373715310495	978.8999285408394	0.0	443.47334437504816	999.3986618832647	0.0	432.119257026147	994.1304014858041	0.0	333.3497854527227	997.5217384559523	0.0	391.79409000614805	342.4800406601038	0.0	394.86109827016304	225.47703923470308	0.0	440.55633449157506	286.8620965857853	0.0	417.33247627419513	358.7482114913842	0.0	547.3570898488591	323.6564652215815	0.0	490.2896314827124	238.36705114479335	0.0	365.65618343138624	366.2664838544788	0.0	397.3471762151813	330.7822989739369	0.0	436.99359644461566	241.95099621226288	0.0
188	1.5666666666666667	394.1990300008425	600.5224467766844	0.0	405.0244539774825	598.0231206138296	0.0	416.73682617200836	794.457220277938	0.0	378.83732135896946	991.0458746731923	0.0	454.1532483482477	1012.7806988269905	0.0	441.2601592750824	1023.7523432932632	0.0	351.52876316387204	1009.9916891173549	0.0	380.01746093186966	595.5150626215451	0.0	381.02354883364615	787.3863146021469	0.0	357.862590830103	978.9244459391741	0.0	443.4006419010338	999.5174526043064	0.0	432.18811033953165	994.2712000408653	0.0	333.44757756018305	997.5076963906442	0.0	391.86918499662033	342.37826812052566	0.0	394.5511386833689	225.5243089919213	0.0	440.5113266768865	286.89517222992583	0.0	417.3254650815956	358.7390942021357	0.0	547.3490117674532	322.7103493596004	0.0	490.05441641446953	237.88631700815705	0.0	365.8653936750781	366.21354729316374	0.0	397.82139136570083	329.42643822378614	0.0	437.4122901518276	241.08148849375073	0.0
189	1.575	394.54466265007926	600.5159160726225	0.0	405.33472276775	598.0337398912759	0.0	416.8066805786582	794.5360360620105	0.0	378.99839272216985	990.93109441636	0.0	454.15407097957507	1012.8035491568469	0.0	441.21453567694306	1023.6919756697159	0.0	351.6770283466974	1009.913590881561	0.0	380.33807150390805	595.4816398254228	0.0	381.015082802733	787.4145505516377	0.0	357.841246715001	978.8858541720336	0.0	443.29047065032506	999.6228640297772	0.0	432.1789343759347	994.3777944634288	0.0	333.51398467282337	997.4548139591781	0.0	391.96406967397803	342.27435092345945	0.0	394.2537126326285	225.59737570538465	0.0	440.4590604225385	286.93028882012334	0.0	417.34980906501926	358.7160092316076	0.0	547.3435731962929	321.7923590017257	0.0	489.8489759751024	237.4241584551505	0.0	366.05447882724525	366.15848618825186	0.0	398.18158149086366	328.0766324314888	0.0	437.7855197792123	240.2065077681773	0.0
190	1.5833333333333333	394.8737000937539	600.4880953991802	0.0	405.653894401065	598.0242306781098	0.0	416.8607424167409	794.6066242389232	0.0	379.1541875512991	990.8078401350742	0.0	454.16819233622203	1012.8224800616688	0.0	441.1628061475052	1023.6276783397338	0.0	351.81166161962403	1009.8228308351447	0.0	380.63351205218106	595.4093167092894	0.0	381.00645293678036	787.4238062236798	0.0	357.78679994038595	978.793628209191	0.0	443.17231560069087	999.7151392436682	0.0	432.1179089132041	994.4564219275294	0.0	333.54955692815497	997.3676230956293	0.0	392.0759785191192	342.17420218822474	0.0	393.97622753737585	225.67855468551147	0.0	440.39698848083003	286.9465894219344	0.0	417.4108543775311	358.6698256274124	0.0	547.3462060243173	320.8977692679607	0.0	489.6655562561286	236.9679400758737	0.0	366.2209550384868	366.1119129648975	0.0	398.40541523817666	326.76050839271244	0.0	438.08479070590465	239.33716230916735	0.0
191	1.5916666666666666	395.18918640187303	600.450263815367	0.0	405.98119511881015	598.011632710657	0.0	416.8981848210174	794.6795032116047	0.0	379.2949503676824	990.690908424202	0.0	454.21594262155503	1012.8279368306794	0.0	441.1265189642178	1023.5587838393702	0.0	351.93064303101653	1009.7286642387223	0.0	380.90567411374536	595.3164322886316	0.0	381.01168355125355	787.4270597519786	0.0	357.71889626913196	978.6644345283977	0.0	443.07126020870726	999.7959148339046	0.0	432.0329444427126	994.5157611896457	0.0	333.5600781615569	997.2497342368459	0.0	392.19888352227986	342.0820957766071	0.0	393.7224852449788	225.7477531659094	0.0	440.32232524069576	286.92478777915017	0.0	417.5002524032633	358.59412710944184	0.0	547.3609634072186	320.0249488192433	0.0	489.49517576882346	236.49869174658463	0.0	366.3656549002608	366.0832922280104	0.0	398.4950889650311	325.5058750274743	0.0	438.2923203097848	238.48396932530113	0.0
192	1.6	395.49673595343984	600.4110338404014	0.0	406.31017482870965	598.0028479180089	0.0	416.92804609984614	794.7584857786346	0.0	379.4149169281608	990.5908680692671	0.0	454.29172335726986	1012.8143898282596	0.0	441.1108959065848	1023.4802159547568	0.0	352.03238804729216	1009.6332492605504	0.0	381.15608314869337	595.2132338807278	0.0	381.040493393797	787.4312998213038	0.0	357.65698523996934	978.5271033187345	0.0	442.987779714557	999.8813791113497	0.0	431.9400138542078	994.5709263053413	0.0	333.5577952828115	997.1172134037852	0.0	392.3238235492068	341.9995915097004	0.0	393.49241761045164	225.78737079469863	0.0	440.2380443371854	286.8496407750332	0.0	417.6026539745478	358.4844653101121	0.0	547.3893023069597	319.1767954003679	0.0	489.3268495916916	235.99747517720766	0.0	366.4911671104484	366.07588899883484	0.0	398.4814022682968	324.3520979424618	0.0	438.41375694621644	237.66268599341072	0.0
193	1.6083333333333334	395.801066616443	600.3787815991602	0.0	406.62899729895184	598.0000058781337	0.0	416.9626167802863	794.8395761549903	0.0	379.5087679176612	990.5164948396448	0.0	454.37570337576756	1012.7905266250913	0.0	441.1063020407461	1023.397242911345	0.0	352.1127291227658	1009.5400100372691	0.0	381.39288519496074	595.1066568327842	0.0	381.10638953668155	787.4404328676943	0.0	357.620193146819	978.4139781045969	0.0	442.9103180425877	999.9990422349317	0.0	431.8488466162499	994.6437062387685	0.0	333.5561657647085	996.9946692746232	0.0	392.44066858063366	341.9294806737005	0.0	393.28284487535905	225.7865303929651	0.0	440.1459163499652	286.70937314803786	0.0	417.7050904387372	358.34104536755626	0.0	547.4329739082831	318.3575434414742	0.0	489.15311041967254	235.45137663727309	0.0	366.60353161977474	366.085406780024	0.0	398.41748064530725	323.32037496056375	0.0	438.4743223609867	236.88426680843108	0.0
194	1.6166666666666667	396.10251334348396	600.3645128103545	0.0	406.92694767371506	598.0106823030435	0.0	417.00814992843374	794.9152197210586	0.0	379.56783527041415	990.47378783974	0.0	454.45527240015076	1012.7776087752437	0.0	441.09932921637875	1023.3315726834359	0.0	352.1625588774031	1009.4606033875539	0.0	381.6315440753391	595.0069728910113	0.0	381.22495495990074	787.4589027735157	0.0	357.62475530625886	978.3457509002617	0.0	442.832934946903	1000.1691510472006	0.0	431.7675249406609	994.7535789885179	0.0	333.5619035663032	996.9006843943539	0.0	392.54125077087417	341.8768623064178	0.0	393.09093826032193	225.74229787967823	0.0	440.04184599313703	286.49652753142146	0.0	417.8035003327499	358.1692730438432	0.0	547.4947686383439	317.56908863294825	0.0	488.974037196483	234.85512285510111	0.0	366.71044506159444	366.1037613403219	0.0	398.35964090491325	322.39363376127693	0.0	438.50121275865723	236.1459364477343	0.0
195	1.625	396.39833517952724	600.3767716892288	0.0	407.2056054365545	598.0425101371453	0.0	417.0685985802155	794.979525775982	0.0	379.58248953185966	990.4629076046206	0.0	454.517755278619	1012.7922200961367	0.0	441.07744628351116	1023.3054723935898	0.0	352.1686215789895	1009.405894238074	0.0	381.88373463721877	594.92020052859	0.0	381.40138593143746	787.4911135930707	0.0	357.68007766034475	978.3276683602686	0.0	442.7502393344995	1000.3939841270654	0.0	431.69657511692577	994.905749513611	0.0	333.5751540840481	996.8453751399787	0.0	392.6224525580671	341.84405200018244	0.0	392.91611553155985	225.6584192653609	0.0	439.92555453881374	286.21062965734455	0.0	417.90472036238003	357.9764920148673	0.0	547.5758472953032	316.81024746959133	0.0	488.7915205024129	234.2113612625525	0.0	366.8134294699368	366.1239832060478	0.0	398.3433732136245	321.54365499191016	0.0	438.5116883865731	235.43824531871653	0.0
196	1.6333333333333333	396.68611063562315	600.4168999366057	0.0	407.4814177172841	598.0936134882528	0.0	417.152569763973	795.0286261411951	0.0	379.54866315431923	990.4783932605193	0.0	454.5415905324026	1012.8353667178433	0.0	441.03217228453275	1023.3258999611104	0.0	352.1202867005281	1009.375598859728	0.0	382.14997927158396	594.8426069560982	0.0	381.6259612081457	787.5391459848786	0.0	357.7869589047734	978.355104772412	0.0	442.65382780631796	1000.6608649591262	0.0	431.62921885450754	995.0900729502398	0.0	333.5924529790524	996.83571998952	0.0	392.6869343313029	341.82737231802594	0.0	392.75931813054586	225.54177559101626	0.0	439.8072764950809	285.8596826958409	0.0	418.022737126052	357.7693430602955	0.0	547.6732249647654	316.07801081720106	0.0	488.6030728424429	233.5301672849451	0.0	366.905473513669	366.142181126313	0.0	398.3751270119414	320.7576842858506	0.0	438.5123040388644	234.75350741476583	0.0
197	1.6416666666666666	396.9650002828173	600.4810985821748	0.0	407.77445056793135	598.1574451229221	0.0	417.26702608281954	795.060189960732	0.0	379.46958778304656	990.5136478517854	0.0	454.51568642216637	1012.8988273969517	0.0	440.96768512209746	1023.3892133040224	0.0	352.01851886144397	1009.3668450452158	0.0	382.42784774145866	594.771460284429	0.0	381.88321828533316	787.6015657725058	0.0	357.93980516011203	978.4186228729774	0.0	442.55342415910025	1000.9470757197967	0.0	431.56683508085587	995.2913955099976	0.0	333.60587080133934	996.8741516930083	0.0	392.74204793845934	341.8196084491304	0.0	392.6230492266913	225.3995020903352	0.0	439.6991930089412	285.4584095520258	0.0	418.1703675308991	357.5526311801238	0.0	547.7800875319803	315.3691555345688	0.0	488.40705005791614	232.82385518215156	0.0	366.98282881193813	366.1554110937075	0.0	398.44848579483545	320.0226256279642	0.0	438.4998461225077	234.0812839520386	0.0
198	1.65	397.23550607148115	600.5660362363502	0.0	408.0971913930858	598.2327218650436	0.0	417.40792790003957	795.0781051151603	0.0	379.35463010624414	990.5666594242739	0.0	454.4566876400172	1012.9744861531309	0.0	440.9055395271203	1023.4918806395575	0.0	351.8816036460565	1009.3872476273982	0.0	382.7197531893713	594.716320670907	0.0	382.15880515755214	787.6768752451911	0.0	358.1307831856836	978.5115608238971	0.0	442.48794801656766	1001.2275827062691	0.0	431.52558762095526	995.499617497688	0.0	333.6073054490386	996.9583599745101	0.0	392.7987704467873	341.8125425102149	0.0	392.511036670886	225.24119337480644	0.0	439.60744033259834	285.0266059221394	0.0	418.3539168345349	357.32877785635475	0.0	547.8894464696536	314.6799583223952	0.0	488.21056934026177	232.1023798880055	0.0	367.05495093991	366.15860689472635	0.0	398.5598384975882	319.3041574519107	0.0	438.46442290598696	233.4054855032391	0.0
199	1.6583333333333332	397.49933350089725	600.669710989008	0.0	408.45316325825826	598.3197146732783	0.0	417.56570068552026	795.091200765586	0.0	379.22034744847326	990.6408387600404	0.0	454.3921996949339	1013.0560398213411	0.0	440.875029185445	1023.6296766265352	0.0	351.74057174390316	1009.44807517372	0.0	383.0246180811571	594.6904123189273	0.0	382.4344045935342	787.7645613336582	0.0	358.3490856853089	978.6360577075511	0.0	442.49354770853074	1001.4860886926318	0.0	431.51569889186817	995.7106686907435	0.0	333.5970403418304	997.0883895371827	0.0	392.86903074645585	341.7978541827637	0.0	392.42295648721995	225.08134133198942	0.0	439.53485454330655	284.58644493054015	0.0	418.57536263966404	357.0984690423275	0.0	547.9972262395041	314.00518518387634	0.0	488.0251308840844	231.37566132367118	0.0	367.1358952324513	366.14491593671517	0.0	398.70753341633014	318.5673903389998	0.0	438.40043934624504	232.71567257661383	0.0
200	1.6666666666666667	397.757595950594	600.7846175236119	0.0	408.8395607515189	598.410596273633	0.0	417.7346095649523	795.1006169063592	0.0	379.08890872615797	990.737900628166	0.0	454.3389250523254	1013.1371367358199	0.0	440.8998024373222	1023.7929269355723	0.0	351.6262093641568	1009.5491407820759	0.0	383.32948503184815	594.6944744161391	0.0	382.68552907060166	787.8561185045746	0.0	358.5770582534057	978.7949845211831	0.0	442.57057808357507	1001.7151057979328	0.0	431.5230195593635	995.9180428026868	0.0	333.58228479832513	997.2654235300955	0.0	392.96138637091497	341.76847392963464	0.0	392.3488256470992	224.93457246887533	0.0	439.48285119711346	284.15346775197213	0.0	418.8368307781717	356.8615598985082	0.0	548.1016837958277	313.33918416596856	0.0	487.8579198826756	230.65476584155388	0.0	367.23143607949527	366.10931185036503	0.0	398.8891497630176	317.8072792544529	0.0	438.3141124975509	232.01706847896423	0.0
201	1.675	398.00857388995513	600.8938462862011	0.0	409.2484376432439	598.4903338149079	0.0	417.90965932966816	795.095316997194	0.0	378.97980727826746	990.8513607613364	0.0	454.30639684874063	1013.2131853615917	0.0	440.9926776305	1023.9704476700015	0.0	351.5585214928034	1009.6808412048174	0.0	383.6165077851396	594.7172394304423	0.0	382.8932492979492	787.931557602548	0.0	358.79270099164376	978.979251605226	0.0	442.6960801708016	1001.9058024888211	0.0	431.5221139446748	996.106363397907	0.0	333.56748973896316	997.4785731076962	0.0	393.07935298291363	341.71780745107753	0.0	392.27206165671805	224.8075389432064	0.0	439.4453574425802	283.72946858980436	0.0	419.14120013273924	356.61783686076836	0.0	548.2026953318074	312.67791025598837	0.0	487.7128233808446	229.94625532919997	0.0	367.33957431407595	366.05153204282516	0.0	399.10210718183424	317.0393739058971	0.0	438.21441666171063	231.32460261964061	0.0
202	1.6833333333333333	398.24945500506504	600.9779450369906	0.0	409.66861046371406	598.543681152035	0.0	418.08299118766337	795.0643412926025	0.0	378.90203645468824	990.9684646124583	0.0	454.3020582637686	1013.2860069547136	0.0	441.15120648893867	1024.1562226297729	0.0	351.54060609699343	1009.8347008960673	0.0	383.8735972510482	594.744781825676	0.0	383.0521779896581	787.9709890678167	0.0	358.9769747753396	979.169452323594	0.0	442.84924518628765	1002.0454641662736	0.0	431.49659357416226	996.2568174865037	0.0	333.5507662290001	997.7015098280013	0.0	393.22333108543097	341.63853071054984	0.0	392.1777509498209	224.69616415122616	0.0	439.4054848827219	283.3078254975954	0.0	419.4872865135951	356.36907355762236	0.0	548.3024923938239	312.0198904032992	0.0	487.59327719971986	229.24744122804913	0.0	367.4573653007305	365.9759681068718	0.0	399.3446262180953	316.2806661975248	0.0	438.1040330642399	230.65182002874514	0.0
203	1.6916666666666667	398.48074521104076	601.0218782457781	0.0	410.0890224313446	598.5562303256621	0.0	418.2515103678004	795.0071466869839	0.0	378.85333997887966	991.0769850284455	0.0	454.3184957070087	1013.3630353828593	0.0	441.3519915288463	1024.3466699171374	0.0	351.5546347971601	1010.0003774648319	0.0	384.09634755223436	594.7604604299366	0.0	383.16250515927015	787.9638332208873	0.0	359.1182402037839	979.3474410919099	0.0	443.00897323260153	1002.1255512712739	0.0	431.4373554183858	996.3565680188855	0.0	333.5291691905228	997.907683715463	0.0	393.39150570462493	341.5270911219786	0.0	392.0571068304128	224.59255785808986	0.0	439.34485303598825	282.8879748829761	0.0	419.8640460693161	356.1216541450001	0.0	548.4054176840988	311.3647783349557	0.0	487.49688266989307	228.5487827256832	0.0	367.5822323598483	365.8898277656676	0.0	399.61756653058825	315.5582289648566	0.0	437.98758111558334	230.0099798964408	0.0
204	1.7	398.70627750101585	601.0114306258225	0.0	410.49880218857123	598.5111928946807	0.0	418.42115106017985	794.9288970668343	0.0	378.8241471367932	991.1691136485606	0.0	454.33057543129337	1013.450298691006	0.0	441.55769987607493	1024.5345216987503	0.0	351.5689531592898	1010.1578243715976	0.0	384.2844744126427	594.7434611523162	0.0	383.2229860019607	787.9047148779566	0.0	359.21159354745976	979.5004653030412	0.0	443.14613909085807	1002.1456057325216	0.0	431.33460596631477	996.4008861461252	0.0	333.50352899504304	998.0808307680569	0.0	393.57761757441676	341.38939988639936	0.0	391.90767346418886	224.49453562481935	0.0	439.2539060130017	282.4840087519326	0.0	420.251886901793	355.8853633772937	0.0	548.5155207239327	310.71176853325693	0.0	487.4131582683123	227.84047043652325	0.0	367.7107339386612	365.8005324811757	0.0	399.924458993538	314.91272896942354	0.0	437.8792920650677	229.40965685575614	0.0
205	1.7083333333333333	398.9286007274783	600.9293716049324	0.0	410.88658670125756	598.3920982286212	0.0	418.5977546148604	794.8295109713052	0.0	378.8054260781265	991.2391776336683	0.0	454.3191603516253	1013.5467522551764	0.0	441.73923834716317	1024.7094668780117	0.0	351.5613275689632	1010.2846089087698	0.0	384.43919324258104	594.6777139154108	0.0	383.2341372451227	787.7883139450394	0.0	359.2546951798246	979.6153687916163	0.0	443.2370201184534	1002.1077734367617	0.0	431.18447097718075	996.3891472349832	0.0	333.4780417460072	998.2083971404452	0.0	393.77022800580556	341.23918078451675	0.0	391.73393748201335	224.4070068924346	0.0	439.1292393173061	282.11551472782014	0.0	420.6299641914026	355.66815013563286	0.0	548.6324442754562	310.0611954312721	0.0	487.3336754229142	227.11522956967042	0.0	367.8419131538217	365.7117587561533	0.0	400.2738669055163	314.37134937775824	0.0	437.7960312326369	228.852184427331	0.0
206	1.7166666666666666	399.1480740663927	600.7612336415023	0.0	411.2468543350445	598.1888946531433	0.0	418.7803115250492	794.699293524833	0.0	378.798310011427	991.2806238487101	0.0	454.2897654328268	1013.6424024913496	0.0	441.8912202270594	1024.8597266244606	0.0	351.53616518817415	1010.3671743555234	0.0	384.56131771993523	594.5577347290402	0.0	383.19914303087523	787.6125797522783	0.0	359.2442074571551	979.6751757520876	0.0	443.2762987044613	1002.0127272888403	0.0	430.9937414878113	996.320571194653	0.0	333.4582991719062	998.2761006532585	0.0	393.95694878424683	341.09065484183714	0.0	391.5487007727773	224.33774162183857	0.0	438.96918318928806	281.7947935899804	0.0	420.9826166423895	355.472669084799	0.0	548.7508516092921	309.4159637253056	0.0	487.25889488219514	226.36717052767634	0.0	367.9792873247085	365.623037515715	0.0	400.67891514695265	313.9261782868554	0.0	437.7467008838504	228.32437542307267	0.0
207	1.7249999999999999	399.3652473338824	600.5000582132186	0.0	411.58563646758716	597.8968809099053	0.0	418.9689249012835	794.523356063458	0.0	378.81531414908915	991.2853287721898	0.0	454.25916089456155	1013.7180447028528	0.0	442.02393701981936	1024.9667662685292	0.0	351.5172446667202	1010.394189148317	0.0	384.64779781660843	594.3792452869127	0.0	383.11874183957116	787.3816036656686	0.0	359.1757794914719	979.6637777554723	0.0	443.2654018633702	1001.8618977860574	0.0	430.7671449387955	996.1929718933702	0.0	333.4496209590917	998.2715140014559	0.0	394.12857421406034	340.95306121125225	0.0	391.37002641219664	224.2939760234703	0.0	438.7793092400348	281.5294046575476	0.0	421.30396168841435	355.29655687165484	0.0	548.8652177571003	308.7802871852581	0.0	487.19095495567035	225.59495182414386	0.0	368.12409856085475	365.53666306335674	0.0	401.14317900650576	313.54864893009335	0.0	437.7280840836077	227.8107277753642	0.0
208	1.7333333333333334	399.5801011341812	600.1449536780834	0.0	411.91392809139336	597.515632412303	0.0	419.1723885256462	794.2892257815064	0.0	378.86933746291993	991.2420395552786	0.0	454.23371003731484	1013.7512860096774	0.0	442.14577991462176	1025.004807483635	0.0	351.5304390952132	1010.3489538818001	0.0	384.69328915858443	594.1326333352995	0.0	382.9913300055803	787.1012677442653	0.0	359.0480600612279	979.5716947612698	0.0	443.19760800409506	1001.6605476374239	0.0	430.5007234201935	996.0054883628837	0.0	333.45454821215	998.1870117606896	0.0	394.27861910796975	340.83067033148535	0.0	391.21218124984125	224.27963160158137	0.0	438.5746188936414	281.32737747859585	0.0	421.5962174886448	355.13625742448534	0.0	548.9711010443676	308.1581430035042	0.0	487.1283208723991	224.805938853871	0.0	368.27039865636374	365.4620475950707	0.0	401.6521753934244	313.21350994741965	0.0	437.7306029503752	227.30454421352175	0.0
209	1.7416666666666667	399.79044805318233	599.7030773879644	0.0	412.23697051772297	597.0574219651473	0.0	419.398896603889	793.9916740117535	0.0	378.9608028853675	991.1367420111733	0.0	454.2105246304505	1013.7294687443481	0.0	442.25691609493384	1024.9577171105293	0.0	351.59176173259596	1010.2243395483922	0.0	384.7007993232441	593.8149457611011	0.0	382.82074745613755	786.7754906792196	0.0	358.8678545618418	979.3968518476536	0.0	443.0698175193855	1001.4163618253045	0.0	430.197628108099	995.7615919352176	0.0	333.47034862275035	998.0186099015225	0.0	394.40231188047557	340.72453239954814	0.0	391.07900552103337	224.29402052890927	0.0	438.3674985656549	281.19088732268074	0.0	421.860559240614	354.9918600768856	0.0	549.0614673434064	307.5514970577036	0.0	487.0728302954934	224.01147834059557	0.0	368.40943856418244	365.41024405576826	0.0	402.1861256077684	312.8992704264234	0.0	437.7490331456637	226.80067256961937	0.0
210	1.75	399.99353136068186	599.1939986696926	0.0	412.5548144577712	596.550167832894	0.0	419.64406839923794	793.6333579547343	0.0	379.07631055834287	990.9580012414928	0.0	454.18754573694235	1013.6541330788554	0.0	442.35176368858777	1024.8326151768983	0.0	351.7016170968971	1010.0356101565262	0.0	384.68629113405154	593.440756967578	0.0	382.6195491351774	786.4087952410619	0.0	358.65035647900874	979.1426511956428	0.0	442.89746891288814	1001.1339697635755	0.0	429.87730162262415	995.4664353890488	0.0	333.4895306362669	997.7656102343318	0.0	394.4973079276046	340.63254461831195	0.0	390.96772859027953	224.33527421553805	0.0	438.1598817142423	281.1141602243472	0.0	422.0950359989669	354.86440884828534	0.0	549.1282466594047	306.9575771337609	0.0	487.0341436690456	223.21805975408188	0.0	368.53179151506623	365.3874137963791	0.0	402.73080332263095	312.58306503988905	0.0	437.78625980517404	226.2886334935341	0.0
211	1.7583333333333333	400.1895745289661	598.647861971401	0.0	412.8713872626325	596.0233407758919	0.0	419.8966448272367	793.2226075606366	0.0	379.19858459735167	990.7017154231138	0.0	454.158140091498	1013.5321087640966	0.0	442.41933895957396	1024.6487099196306	0.0	351.8460659411927	1009.8047337245599	0.0	384.66824291914816	593.0327543343057	0.0	382.40334309994586	786.0086449205904	0.0	358.41400019394086	978.8166725659282	0.0	442.6989830787027	1000.8122089107936	0.0	429.55949698827624	995.1223735083124	0.0	333.5054483791382	997.4346733207592	0.0	394.56328133945885	340.55103758690365	0.0	390.87711550547687	224.40472003506156	0.0	437.955681512848	281.09341691588514	0.0	422.303141689879	354.7477797048524	0.0	549.1692115848487	306.3678967355925	0.0	487.01993241312874	222.42440416890543	0.0	368.6241168817171	365.39538087581155	0.0	403.2688457103005	312.2539017127503	0.0	437.8482019992037	225.76232095588261	0.0
212	1.7666666666666666	400.3825734258661	598.0983722065403	0.0	413.1956851327225	595.4948159006564	0.0	420.14978735872376	792.770638312922	0.0	379.3154764058512	990.3723384868298	0.0	454.1058405421115	1013.3699743390131	0.0	442.44586577344086	1024.4216833433886	0.0	352.00554791937566	1009.5436335591788	0.0	384.6582315456983	592.608786829919	0.0	382.18630749239713	785.5841823014572	0.0	358.17568227835557	978.4293942902251	0.0	442.4781591760296	1000.4465726001564	0.0	429.2510405950452	994.731579151186	0.0	333.5171192407359	997.0418039571315	0.0	394.60066950297966	340.47687952593145	0.0	390.80819218372704	224.50437134428864	0.0	437.76916591006795	281.129304952727	0.0	422.4959776906722	354.62836956915277	0.0	549.1906189057546	305.7719681933078	0.0	487.0280575354594	221.62436045910053	0.0	368.67201419401744	365.43333607677863	0.0	403.77117028760256	311.92110057684215	0.0	437.939169623575	225.22466877941767	0.0
213	1.775	400.5749954188194	597.5752577008316	0.0	413.53161910522596	594.9755054104693	0.0	420.39765132763785	792.292188528669	0.0	379.4207549894801	989.9851947202208	0.0	454.0205798530171	1013.1787978202071	0.0	442.4245033587703	1024.167039620327	0.0	352.1642325648434	1009.2661728548585	0.0	384.66291088687615	592.1838400465892	0.0	381.98216844308354	785.1470458288707	0.0	357.9496918257242	977.9946724825197	0.0	442.2379473500738	1000.0335574067824	0.0	428.95519511534246	994.3023667639424	0.0	333.52522849949787	996.6091039696356	0.0	394.6099560063228	340.4052537239303	0.0	390.757549170642	224.6313074590628	0.0	437.60998581580554	281.21548005783313	0.0	422.6828120529466	354.49347736297335	0.0	549.2038310208296	305.1629763080088	0.0	487.05683189654775	220.8116726746935	0.0	368.6692486996645	365.49378335159605	0.0	404.21269536918163	311.59881169028023	0.0	438.0641124919694	224.67280226992432	0.0
214	1.7833333333333332	400.76319380880125	597.0991710689623	0.0	413.8719431557481	594.4794382346863	0.0	420.62858499033877	791.8094578679119	0.0	379.5105033201545	989.5682872751945	0.0	453.91412640219505	1012.9739360741843	0.0	442.36259915050516	1023.9065442554966	0.0	352.3125084282428	1009.0027367587707	0.0	384.6861345236776	591.7744090326266	0.0	381.803788472864	784.7151314035651	0.0	357.7462369621275	977.533929003902	0.0	441.9961184768316	999.5760219798984	0.0	428.6791581049605	993.8501562297259	0.0	333.52558576256644	996.1642002860847	0.0	394.5917903299912	340.32779433368967	0.0	390.7139794346767	224.77849003606127	0.0	437.4728258462951	281.3333282205922	0.0	422.8646544532689	354.3374069754069	0.0	549.2205264205049	304.53991865792017	0.0	487.11645917493286	219.98528133819204	0.0	368.62107885526024	365.56081673645343	0.0	404.59849631549616	311.2980538342339	0.0	438.23377986866353	224.09158915632622	0.0
215	1.7916666666666667	400.9421551777667	596.6820301065547	0.0	414.20662159435295	594.0225997893806	0.0	420.83309747767237	791.3529444467631	0.0	379.584941205822	989.1555066412528	0.0	453.80976624548646	1012.7625318857297	0.0	442.27944119843266	1023.6567712817194	0.0	352.4488745411512	1008.7854324126849	0.0	384.724307453143	591.3931807162655	0.0	381.65741674800165	784.3127738093613	0.0	357.5665896846838	977.0770907042893	0.0	441.7714291920186	999.086319615943	0.0	428.4203103884183	993.3928126541329	0.0	333.51177832650325	995.740233656499	0.0	394.5487751636784	340.23616609811995	0.0	390.66382723998845	224.9398701719227	0.0	437.3500543575481	281.4640892886608	0.0	423.0382877739199	354.1601068258064	0.0	549.2492148265683	303.9061460364966	0.0	487.22175060623476	219.15147670743727	0.0	368.5376191549561	365.61789110725294	0.0	404.96183529402634	311.04234788992096	0.0	438.46232073491166	223.4716747300255	0.0
216	1.8	401.112800703559	596.3314103378756	0.0	414.5332749693801	593.6168956029779	0.0	421.0138321188212	790.9547988056745	0.0	379.6535799143265	988.7744492188477	0.0	453.7255212186656	1012.5386748612285	0.0	442.19953859096535	1023.4187110923231	0.0	352.58436054510224	1008.6269371163932	0.0	384.76614224140644	591.0467432023466	0.0	381.5383032481029	783.9635782992652	0.0	357.40343755027186	976.6553044011545	0.0	441.5665882169039	998.585302591889	0.0	428.1587507743412	992.9495762517397	0.0	333.4824244303136	995.3684502510625	0.0	394.48710417983665	340.12540563413336	0.0	390.5960085967231	225.11074985560296	0.0	437.2424271971459	281.59904885731436	0.0	423.20065679730044	353.9637513531297	0.0	549.2929527367628	303.26732610702356	0.0	487.38138412661755	218.31866165338243	0.0	368.42805453418254	365.6544709991	0.0	405.33567533156116	310.86808840647916	0.0	438.75657033823285	222.8216428070096	0.0
217	1.8083333333333333	401.2807815432546	596.0512008818243	0.0	414.85538843723157	593.2697212577483	0.0	421.17871391977934	790.6388988535145	0.0	379.73131626602697	988.4404474606654	0.0	453.6735731788156	1012.299006098102	0.0	442.1476664862781	1023.1916907417486	0.0	352.73749479782947	1008.5255196832991	0.0	384.80270915456424	590.7421418962538	0.0	381.43508275598117	783.6818423437373	0.0	357.24964911643895	976.2912671961213	0.0	441.3786037852499	998.0997517060339	0.0	427.8763735739722	992.544544659336	0.0	333.44007035238985	995.067487258337	0.0	394.4162055226967	339.99234803313857	0.0	390.50205095602223	225.28212518117354	0.0	437.151794217707	281.73052514095895	0.0	423.3483201114469	353.75142162004795	0.0	549.3483592411134	302.63052968228624	0.0	487.60296036738947	217.4910415839815	0.0	368.3032459174818	365.6634687971613	0.0	405.73517224566797	310.7979649530178	0.0	439.10971744415247	222.15795022216858	0.0
218	1.8166666666666667	401.45106306326613	595.8377337875368	0.0	415.1752797932027	592.9851677567934	0.0	421.3293247414987	790.4156489559367	0.0	379.8278489626319	988.1587245571451	0.0	453.6632619141629	1012.0554633667963	0.0	442.1441906504759	1022.9877062493928	0.0	352.91835776932254	1008.4786333029268	0.0	384.83402902203704	590.4873819494763	0.0	381.33805347013555	783.4715875800175	0.0	357.10391116714226	975.9941214617323	0.0	441.21537256522663	997.6579910108412	0.0	427.5741899606141	992.2016672568943	0.0	333.38639605578396	994.8393788345542	0.0	394.34710498365894	339.8343105351288	0.0	390.37935130000074	225.43817767500576	0.0	437.0739297318799	281.8436924994541	0.0	423.47824025513114	353.52655046832774	0.0	549.4090682504386	302.0034349264623	0.0	487.8965116000998	216.6683626549996	0.0	368.17758548197617	365.6384064125252	0.0	406.15125917092456	310.83113116047394	0.0	439.5053792311937	221.49995336738553	0.0
219	1.825	401.62619290689474	595.6815697308708	0.0	415.4931412561689	592.7617200355818	0.0	421.4649079442158	790.2827736561271	0.0	379.9409755602252	987.9274242598672	0.0	453.6907154808447	1011.8265404582904	0.0	442.19549234756397	1022.8200933091746	0.0	353.1164823874902	1008.4787283053993	0.0	384.8632321477383	590.2824099366384	0.0	381.2407196343736	783.3297451047908	0.0	356.96830441750313	975.760489808373	0.0	441.08608914987906	997.2841304113317	0.0	427.26298119419715	991.9317191164232	0.0	333.3264519398971	994.6756465722796	0.0	394.2896397780681	339.6518227646527	0.0	390.2346599525843	225.56330329934227	0.0	437.00453323209655	281.9271759166686	0.0	423.5906734864424	353.2941198354438	0.0	549.4720667533712	301.3907654093301	0.0	488.2602624620452	215.84715595080377	0.0	368.06220402116867	365.57773682141044	0.0	406.54223380765393	310.96812260075586	0.0	439.9254791422042	220.88197570384136	0.0
220	1.8333333333333333	401.80589768140925	595.5733363369741	0.0	415.8087680554042	592.5910362053054	0.0	421.5920336605341	790.2288058153568	0.0	380.05928785731123	987.737937861308	0.0	453.73155171944046	1011.6228845695942	0.0	442.2875792193887	1022.6876300372874	0.0	353.30646442287645	1008.5076002359871	0.0	384.88945165928857	590.1160992356379	0.0	381.13535184284234	783.2461469537997	0.0	356.8435171443174	975.5775305794357	0.0	440.9811897974349	996.9924998788664	0.0	426.9456678540274	991.7272043718962	0.0	333.27267278814486	994.5633488753613	0.0	394.2496548430181	339.44934983520216	0.0	390.0785404427472	225.64957856267577	0.0	436.9440791094536	281.9796714708566	0.0	423.69159731925095	353.06101413271097	0.0	549.5390447373293	300.79085574451545	0.0	488.67468132578756	215.02088100730217	0.0	367.9588144750228	365.48981624814735	0.0	406.8439233456909	311.23303975367145	0.0	440.35368006097434	220.35923826620296	0.0
221	1.8416666666666666	401.9863488931733	595.5018223733266	0.0	416.1193569343416	592.4628361993122	0.0	421.72100170338547	790.2386830462918	0.0	380.1730598440022	987.5769207963184	0.0	453.7598542414934	1011.4445004716604	0.0	442.3971685593818	1022.5787823187309	0.0	353.4675451962559	1008.5483415541693	0.0	384.91027377000626	589.9741555326316	0.0	381.0151762322993	783.2045880528169	0.0	356.7254827606559	975.4266023981588	0.0	440.8790588461765	996.7862531962154	0.0	426.6212361926566	991.5724124131566	0.0	333.23464646985445	994.4848037176164	0.0	394.229129701127	339.2308087130732	0.0	389.9171003078916	225.69323034371592	0.0	436.8915740920806	281.9971258673903	0.0	423.7924303723446	352.83193252925327	0.0	549.6125566244569	300.19741416406737	0.0	489.124041907559	214.18138116682348	0.0	367.86373921884626	365.39007900278267	0.0	407.00591140507333	311.6613748586135	0.0	440.7736020437013	219.99912289727789	0.0
222	1.8499999999999999	402.1624092104406	595.4491775677635	0.0	416.4189404020133	592.3683279024676	0.0	421.85785051808017	790.2984468620642	0.0	380.28163658505	987.4316224597434	0.0	453.77057310370554	1011.287781517049	0.0	442.50895843218944	1022.4842399433874	0.0	353.5948389659333	1008.5946373261098	0.0	384.92696158612677	589.844067362395	0.0	380.8824814843484	783.1877862564253	0.0	356.6058946072779	975.2900496849177	0.0	440.7682971297287	996.6620996240001	0.0	426.29970029117817	991.456589954158	0.0	333.2079500054194	994.4206814132469	0.0	394.22902750359805	338.99767523258936	0.0	389.7513737058367	225.68789192793744	0.0	436.84169436768036	281.9682540132396	0.0	423.9037673466373	352.6062898448697	0.0	549.6937560844019	299.60302593494487	0.0	489.6136242099692	213.3212727008067	0.0	367.77437102300223	365.2933810694394	0.0	407.02545429460866	312.2778416729034	0.0	441.17042948339997	219.87870509587373	0.0
223	1.8583333333333334	402.3316892366066	595.3942618018121	0.0	416.7061747512505	592.2947580891702	0.0	422.0078697227598	790.3925401851632	0.0	380.3928973436403	987.2914810183354	0.0	453.77124817319026	1011.1509943395222	0.0	442.61702652738643	1022.3974437832788	0.0	353.6945060964327	1008.6385586913401	0.0	384.9418909171805	589.7097436473238	0.0	380.74584526480584	783.179644338131	0.0	356.4764341825051	975.1554566458987	0.0	440.64503395034524	996.6110035361629	0.0	425.9949373205643	991.3725000920007	0.0	333.179921272166	994.3571626813828	0.0	394.2504907712594	338.7541151391282	0.0	389.58288561790727	225.62851075509198	0.0	436.79372353965095	281.8911621397276	0.0	424.02994139355053	352.38076746569453	0.0	549.7839997535029	298.9992728512455	0.0	490.153492562788	212.43406085651958	0.0	367.68730169574684	365.2108816480734	0.0	406.9411977869601	313.10020317811933	0.0	441.53527256092957	220.0968220878886	0.0
224	1.8666666666666667	402.49372161434354	595.3192018076965	0.0	416.99014542327313	592.2215826629837	0.0	422.1799846646571	790.4974170447514	0.0	380.5198103731696	987.145954839812	0.0	453.7649375072768	1011.0339471031123	0.0	442.7174161807389	1022.3107666249128	0.0	353.77677666414615	1008.6621325199139	0.0	384.95296401270895	589.5495626915049	0.0	380.6097864834973	783.1641781865613	0.0	356.33350145321106	975.0132324170079	0.0	440.49688216372465	996.6143088661676	0.0	425.70743783740426	991.307809878785	0.0	333.1424798824442	994.2860742397577	0.0	394.2925967617335	338.5093609656725	0.0	389.41607265903605	225.51798455940718	0.0	436.7564154938376	281.77756497415515	0.0	424.17219176055903	352.1533840074609	0.0	549.8866019144441	298.3777609238267	0.0	490.7384762272351	211.5106399900194	0.0	367.5951774454797	365.15132825090535	0.0	406.79343205300347	314.1511852249245	0.0	441.86248297965295	220.77809553469356	0.0
225	1.875	402.6442599426362	595.212806901349	0.0	417.28166100196813	592.1287584577555	0.0	422.37632155437126	790.5862865759716	0.0	380.67261035410735	986.9866533901344	0.0	453.7560265291702	1010.9410406680112	0.0	442.8084766821492	1022.2241328058503	0.0	353.85177996221586	1008.6542109351894	0.0	384.9543535524796	589.3499137570634	0.0	380.47546596063904	783.1313094705969	0.0	356.1823763639279	974.8572809616555	0.0	440.3147808228462	996.6509311452404	0.0	425.43357019776806	991.2511359589427	0.0	333.095790417996	994.2014404608955	0.0	394.34980145461276	338.2718888471154	0.0	389.25306154104334	225.3630546502011	0.0	436.73764812628093	281.6338527377882	0.0	424.33232691095	351.92350504931636	0.0	550.0055716633162	297.736297641903	0.0	491.35875470878483	210.53894591073046	0.0	367.49338007355124	365.1193638288632	0.0	406.6063427659165	315.4439682047644	0.0	442.1474414317031	222.05611038140327	0.0
226	1.8833333333333333	402.77439774872244	595.0729199509789	0.0	417.58022598912913	592.0067919303646	0.0	422.5835448325372	790.6422781940721	0.0	380.8520038336914	986.8106714737312	0.0	453.75702408320694	1010.8825909693829	0.0	442.89203927645207	1022.150717040741	0.0	353.9262279620365	1008.6212507272337	0.0	384.94013637651165	589.1175901295711	0.0	380.3472604395959	783.0848744552583	0.0	356.0360636314491	974.6898018668829	0.0	440.1120498123028	996.7084710129207	0.0	425.18448811073074	991.202231016703	0.0	333.0461769882429	994.1005306322488	0.0	394.41221064612495	338.0470226125448	0.0	389.0882704887873	225.17051505771283	0.0	436.73466392524296	281.4543270420669	0.0	424.5104395228032	351.69084359280566	0.0	550.1438358656775	297.08166909143193	0.0	492.01630166433046	209.50820333970003	0.0	367.38617657274636	365.11282668307	0.0	406.3975496229498	316.96375237862395	0.0	442.39334302290195	224.05475567497248	0.0
227	1.8916666666666666	402.87635220870897	594.9057849195991	0.0	417.8741111171792	591.8543965330941	0.0	422.78496795767757	790.6591495894027	0.0	381.05256856134713	986.6191516649396	0.0	453.7742745644784	1010.8626251984109	0.0	442.96865091519453	1022.1003886657498	0.0	354.0036339322608	1008.5695678959701	0.0	384.9048163990443	588.8706297433527	0.0	380.2298312698669	783.0349292300799	0.0	355.90703519636577	974.5194489793589	0.0	439.90687591795853	996.7802398404397	0.0	424.9752568644257	991.1635101957376	0.0	333.0053851567621	993.9850201221751	0.0	394.46893926319063	337.8416443598291	0.0	388.91220473540903	224.95363566591362	0.0	436.74102947672316	281.2386678637758	0.0	424.7034716201289	351.4574678475791	0.0	550.301632338875	296.4232093146919	0.0	492.71799454752033	208.41085103310388	0.0	367.2799434207395	365.1247213898059	0.0	406.17960740647993	318.6841713094976	0.0	442.6137825940558	226.88102172199032	0.0
228	1.9	402.9477240490117	594.721560339814	0.0	418.14919836401634	591.6708242881049	0.0	422.9734182234916	790.633082694073	0.0	381.26940395926823	986.415793536061	0.0	453.79997627588483	1010.8718338001557	0.0	443.0379634975007	1022.0666340481644	0.0	354.0872120766768	1008.4933920063328	0.0	384.84433958247854	588.6239402373707	0.0	380.1209673984321	782.9828096895135	0.0	355.8016228450837	974.3550705365677	0.0	439.6977639830118	996.8570439043	0.0	424.80222160876144	991.1266011099648	0.0	332.9868578889828	993.8588110857845	0.0	394.51150525420974	337.66499870666445	0.0	388.71860591645776	224.73338640048408	0.0	436.7555493031052	281.0027119614032	0.0	424.9060377325316	351.22728470954866	0.0	550.4738885203337	295.7654528919215	0.0	493.4644451234626	207.24160442843598	0.0	367.175714230984	365.14672622323127	0.0	405.9585647566124	320.584493753848	0.0	442.8251572167847	230.60838521183874	0.0
229	1.9083333333333332	402.9916550506192	594.5325714590122	0.0	418.39306828380836	591.45717356115	0.0	423.14521134592525	790.5643522146498	0.0	381.49789367882244	986.2065944900849	0.0	453.8287046077403	1010.8988935772725	0.0	443.1056689386581	1022.0408480412168	0.0	354.18008170326976	1008.3896217106617	0.0	384.7612120734545	588.3915539599993	0.0	380.01461215968254	782.9207110672868	0.0	355.7223279616675	974.2010197909162	0.0	439.4796333055353	996.922679887968	0.0	424.65030641980735	991.073694731575	0.0	332.99693937252516	993.72378392368	0.0	394.53470173497556	337.5239291767584	0.0	388.5047353645807	224.5276762700758	0.0	436.7762387783972	280.76612439564514	0.0	425.1090660556334	351.0011807728304	0.0	550.6502243757393	295.10605446693665	0.0	494.255517586946	205.9946502680733	0.0	367.07246968099327	365.1692643491255	0.0	405.745044247694	322.62017446824586	0.0	443.0428793151505	235.2322931987412	0.0
230	1.9166666666666667	403.0167138035563	594.3540607577546	0.0	418.596195680509	591.2201502082247	0.0	423.2929320276045	790.4615584305703	0.0	381.7287577216006	985.9969546011602	0.0	453.8673263981136	1010.9380625312156	0.0	443.1820235979677	1022.0250084442639	0.0	354.2813351887244	1008.2677112856918	0.0	384.6669596554291	588.1893061924643	0.0	379.91163352432795	782.8424821635328	0.0	355.6720960094319	974.0554208182272	0.0	439.27161577054096	996.9532367670091	0.0	424.5172712338667	990.9872142106394	0.0	333.0318965850339	993.5778995404286	0.0	394.53666253255426	337.42116046222975	0.0	388.2691299721427	224.34582387237197	0.0	436.7933674564051	280.539897749117	0.0	425.3001464400081	350.7743944484665	0.0	550.818372279554	294.436833235104	0.0	495.0997828486191	204.66126258897395	0.0	366.9714817545994	365.17960637247876	0.0	405.56791188883733	324.6911998157825	0.0	443.2880488870999	240.618806753691	0.0
231	1.925	403.0368248786161	594.199965353537	0.0	418.75703735209964	590.9664247867014	0.0	423.4130187132648	790.3348473291586	0.0	381.9480503834431	985.7879540979698	0.0	453.91930905869185	1010.9814504523406	0.0	443.26975680566056	1022.0188743070053	0.0	354.3842662146951	1008.1337364718572	0.0	384.5745298622251	588.0229127232714	0.0	379.82003823959747	782.747299322895	0.0	355.6528345845258	973.9114502030365	0.0	439.1030816953514	996.9237744232086	0.0	424.41073928101895	990.8542728345287	0.0	333.0851239629315	993.41740305716	0.0	394.520123794346	337.35793395334065	0.0	388.01178489462785	224.19631885080062	0.0	436.7962163884815	280.33134718746896	0.0	425.47094938217674	350.5376852653366	0.0	550.9680505988788	293.74462345091234	0.0	496.00896235789367	203.2315769819274	0.0	366.8741759877237	365.164494221212	0.0	405.46915130782423	326.66569913677915	0.0	443.5925098403397	246.4641498362508	0.0
232	1.9333333333333333	403.0673541461401	594.0767604031711	0.0	418.88461090551823	590.698703905755	0.0	423.5120796141463	790.1882408245873	0.0	382.144791866957	985.5751072481667	0.0	453.971531415007	1011.0146111615067	0.0	443.3578677609874	1022.0087311750065	0.0	354.47985117319615	1007.9766253732779	0.0	384.48897791981193	587.8836650956188	0.0	379.7440289647329	782.6345878859606	0.0	355.6610357602805	973.7565880664547	0.0	438.9789589349986	996.8174090204287	0.0	424.3248664900275	990.6658921654298	0.0	333.1521028922977	993.2365937998679	0.0	394.49330440642706	337.3339564551689	0.0	387.73408766097776	224.09216194078803	0.0	436.7827268763447	280.1497974585178	0.0	425.6248652386982	350.2805658876783	0.0	551.0929891753381	293.0128478881874	0.0	496.98840795102996	201.69721507096745	0.0	366.7802018367583	365.11613033525896	0.0	405.484839981555	328.4031201084796	0.0	443.99209071793337	252.23914310778918	0.0
233	1.9416666666666667	403.118398743173	593.986319603976	0.0	418.99031265916017	590.4259116794352	0.0	423.59596943908434	790.02579009253	0.0	382.3165886846394	985.3526764452872	0.0	454.00597195765573	1011.0276328478435	0.0	443.43140135880066	1021.9805180757224	0.0	354.5605726463906	1007.7841616643191	0.0	384.4099128828375	587.7656633156421	0.0	379.6817409005508	782.5067215449201	0.0	355.69121487839675	973.5747731515575	0.0	438.8841902179087	996.6339468148943	0.0	424.24277456820266	990.4235497553129	0.0	333.22852827965755	993.0284065986936	0.0	394.4683819153452	337.34458559533647	0.0	387.4397247248333	224.04326789389324	0.0	436.7559824692535	279.99923832612035	0.0	425.77344044292244	349.99646642532343	0.0	551.1884712172799	292.22694708478656	0.0	498.0443854877463	200.05210687109678	0.0	366.690052906988	365.03195828941364	0.0	405.6472454160038	329.7005676810483	0.0	444.51820005565764	257.1022105139766	0.0
234	1.95	403.1918407778373	593.9349274510871	0.0	419.07807421887657	590.1719256842395	0.0	423.6572574135735	789.8633419531301	0.0	382.4661679991841	985.1240424030273	0.0	454.016459596632	1011.025048712542	0.0	443.48450220995016	1021.9350912935208	0.0	354.6205412532638	1007.5656848299484	0.0	384.3403209760729	587.6795419665492	0.0	379.63229233471395	782.3787191064791	0.0	355.7432325154955	973.3591522625521	0.0	438.81603476029335	996.3946219549891	0.0	424.1635735232053	990.1476820914154	0.0	333.3103427168282	992.793046136869	0.0	394.4589566419342	337.38197046741686	0.0	387.1376609967305	224.0497454247899	0.0	436.71464802500617	279.8736248982627	0.0	425.9264289240948	349.6864789653916	0.0	551.2475074474664	291.3785234072141	0.0	499.1938267088301	198.2933941081172	0.0	366.6073672402135	364.91039049785206	0.0	406.00060604751974	330.2964329051476	0.0	445.1997643726641	260.0616420783732	0.0
235	1.9583333333333333	403.2848834812514	593.9328436546315	0.0	419.146532681988	589.9641840992474	0.0	423.6825987223644	789.7255867234032	0.0	382.5948876725305	984.907172139706	0.0	454.00389059833384	1011.0175808287855	0.0	443.5178700495482	1021.8824972262436	0.0	354.6533448836397	1007.345741872511	0.0	384.28740534025906	587.6410283945538	0.0	379.59623726805296	782.2745918645783	0.0	355.8191059221706	973.1213434290947	0.0	438.784543422703	996.1319410557246	0.0	424.10674557342315	989.8693890575188	0.0	333.396887335597	992.5452621132276	0.0	394.4776297514369	337.438696861473	0.0	386.84371582750225	224.1069695349982	0.0	436.6589510674891	279.7641011115398	0.0	426.08755137942256	349.3587217968235	0.0	551.2616268940177	290.4623385128491	0.0	500.45750830354785	196.42267666598497	0.0	366.5374649740632	364.7504355954663	0.0	406.59091599929565	330.08995483288135	0.0	446.0716948580439	260.65929322448216	0.0
236	1.9666666666666666	403.39450242233977	593.9824230543478	0.0	419.19675163482117	589.8158853674491	0.0	423.668716856591	789.6294802376028	0.0	382.70135839169734	984.7254775731186	0.0	453.961875010589	1011.0097530800955	0.0	443.5269031147445	1021.8302477385791	0.0	354.6526674135882	1007.1427431858654	0.0	384.2571164701805	587.651466135203	0.0	379.5713889925242	782.2102842809346	0.0	355.91261245595916	972.883529952692	0.0	438.78759329360906	995.8730066159789	0.0	424.0869429772034	989.6140376953553	0.0	333.4907996708223	992.3086090075393	0.0	394.53318638498564	337.50758291989933	0.0	386.57902564646196	224.20826526521955	0.0	436.6032311110213	279.6593157441676	0.0	426.2553406985587	349.0240022552539	0.0	551.2251017772936	289.47329082847534	0.0	501.85226635249586	194.44568007207562	0.0	366.48479871003343	364.552005398448	0.0	407.44390125225965	329.29921401698385	0.0	447.17544520168485	259.424764216501	0.0
237	1.9749999999999999	403.515905836888	594.0714541834157	0.0	419.2321631359293	589.7260461163287	0.0	423.62276277997404	789.5755030234491	0.0	382.7829858893033	984.5948247940527	0.0	453.88154789438	1011.0017415792861	0.0	443.5030998041886	1021.7853952956948	0.0	354.6152900238883	1006.9681225124601	0.0	384.2511783839674	587.6978709992713	0.0	379.5544662812564	782.184727831996	0.0	356.00870034751506	972.6643021860467	0.0	438.81292235733105	995.634660973027	0.0	424.1007707252838	989.3966562253654	0.0	333.5929517768449	992.101130060174	0.0	394.6282710889725	337.57891545982244	0.0	386.36622371387824	224.33637185161933	0.0	436.5674417856859	279.5328962373556	0.0	426.42669666406886	348.68880146199024	0.0	551.1378727994334	288.4094901543395	0.0	503.39470031438333	192.36926935022038	0.0	366.4520111870132	364.31482667202226	0.0	408.5645475743127	328.2699013599511	0.0	448.5394498059229	257.35761715072806	0.0
238	1.9833333333333334	403.63876275563644	594.1792029247645	0.0	419.2554462956831	589.6888584152746	0.0	423.5520123332056	789.555090236707	0.0	382.8351013689344	984.5206213123474	0.0	453.76693398237404	1010.994381251853	0.0	443.4472987939424	1021.7584175923271	0.0	354.54106722526575	1006.8362680948053	0.0	384.26604484138466	587.7655261002178	0.0	379.54308614491833	782.1868944858389	0.0	356.0937287844527	972.4730340287451	0.0	438.8592183142111	995.4276993826293	0.0	424.1354007596307	989.2244358671646	0.0	333.69820910115266	991.9283717653291	0.0	394.7575613082185	337.63952363502375	0.0	386.22435656116966	224.4647005330853	0.0	436.55947399083817	279.3457129311595	0.0	426.60208674598874	348.35052981548154	0.0	551.0043244306646	287.2735283496003	0.0	505.1023678304944	190.1993269422542	0.0	366.43896205523396	364.040392810795	0.0	409.944652588673	327.2166244848952	0.0	450.15944484298024	255.18795845022362	0.0
239	1.9916666666666667	403.7497887920411	594.283635081228	0.0	419.27274832849207	589.6929671745854	0.0	423.4627559974784	789.5612642150063	0.0	382.8513278122155	984.5016515004631	0.0	453.6311279860715	1010.9852801845113	0.0	443.37266315704807	1021.7538860574373	0.0	354.4314754039057	1006.7573380516955	0.0	384.29260487004467	587.8390032139838	0.0	379.53221045119744	782.2057737261782	0.0	356.16071248522786	972.3139763299002	0.0	438.9320593752746	995.2607618540864	0.0	424.1717481262811	989.0953626244103	0.0	333.79937587134475	991.791505783579	0.0	394.90697458778664	337.6734290995189	0.0	386.1643515069091	224.5785791005173	0.0	436.5761094772561	279.07254875042617	0.0	426.7856444691756	348.00117072073664	0.0	550.828051413213	286.0662297260683	0.0	506.9870312200962	187.9413510873807	0.0	366.44020322725385	363.73545301462275	0.0	411.5555498779519	326.1705108652236	0.0	452.00482392723177	253.148649056907	0.0
240	2.0	403.83831721365345	594.3639767377017	0.0	419.2991926419868	589.7222885874709	0.0	423.365262840713	789.5929921806606	0.0	382.8292398853449	984.5355562085049	0.0	453.48238823633625	1010.9683789021091	0.0	443.29608754548286	1021.7642559945876	0.0	354.2907658820006	1006.730046067587	0.0	384.31903493820755	587.8986618665845	0.0	379.5139822173947	782.2342608228931	0.0	356.2056780509369	972.1940427596263	0.0	439.026283460387	995.1443789823295	0.0	424.1854354820429	989.0001991022064	0.0	333.89521261359056	991.698728586105	0.0	395.05574442153926	337.6636731806958	0.0	386.18868243263665	224.68643039046086	0.0	436.61250186426025	278.71843068038504	0.0	426.9799657714114	347.63502473440514	0.0	550.6062351261542	284.7830030287034	0.0	509.05103756086004	185.6004809178314	0.0	366.44270495882563	363.4117040193207	0.0	413.3444587275576	325.00159302636666	0.0	454.03735534180447	250.98404767267263	0.0
241	2.0083333333333333	403.8974433217594	594.4051789336662	0.0	419.3545765544807	589.7709806679545	0.0	423.2705903669174	789.6567945464288	0.0	382.7739415201415	984.6249223012052	0.0	453.3278892816509	1010.9417817486005	0.0	443.23488489945106	1021.78244801348	0.0	354.1258301164297	1006.756448170784	0.0	384.3358748679429	587.9317445938452	0.0	379.48469977033295	782.2722420966155	0.0	356.227289616586	972.1286386713444	0.0	439.13553286346564	995.0954273495015	0.0	424.16619865970995	988.9361518804927	0.0	333.99121061615205	991.667784770466	0.0	395.180358274245	337.59610134345166	0.0	386.2940782627843	224.80134116421826	0.0	436.6596181261285	278.3027891880717	0.0	427.1834064293087	347.2515617415366	0.0	550.3280731996084	283.4202651145868	0.0	511.2886549054172	183.18197795976678	0.0	366.4279153149068	363.08183719154204	0.0	415.26990846418556	323.39244733655096	0.0	456.22838411270607	247.93218476641667	0.0
242	2.0166666666666666	403.9254808303408	594.4043986177363	0.0	419.45451462380186	589.8517231196622	0.0	423.1847518663536	789.7658761372036	0.0	382.6935829353099	984.776642877121	0.0	453.1816937559187	1010.9099796787815	0.0	443.2057983649929	1021.8135903694799	0.0	353.94050552337114	1006.8503252818903	0.0	384.34074374433374	587.9451692786481	0.0	379.44813425233815	782.3304337806878	0.0	356.23050079114176	972.1406496254899	0.0	439.27178988129145	995.1366780213723	0.0	424.1330882076227	988.9172629379166	0.0	334.09259446202896	991.7204427847244	0.0	395.2583812181339	337.46486773711445	0.0	386.4714461617612	224.92331050775547	0.0	436.6991008359852	277.8413487873635	0.0	427.39094383561354	346.85511156900833	0.0	549.9783155429536	281.9826528432332	0.0	513.6878931908802	180.69370430064703	0.0	366.37947751943784	362.75753939016647	0.0	417.3404847512891	320.9047686168344	0.0	458.5691237979984	242.95800782690947	0.0
243	2.025	403.93130078727	594.3706589333738	0.0	419.60693145725645	589.9805836117479	0.0	423.11178937383073	789.9325661210311	0.0	382.5918236540523	984.9936229932222	0.0	453.05406360568867	1010.8781918117332	0.0	443.21598817548147	1021.8663111938272	0.0	353.7291797317822	1007.0163098592914	0.0	384.33983630177346	587.9584885963086	0.0	379.41079437770554	782.4259051452341	0.0	356.2248245495876	972.2497529722759	0.0	439.4528980244798	995.2871959707635	0.0	424.11929096069673	988.96149991458	0.0	334.1989979591921	991.8709190487963	0.0	395.2711379893818	337.278318351217	0.0	386.70334702776637	225.0481885588926	0.0	436.7105508832837	277.3537299154384	0.0	427.5929051618972	346.45800484514723	0.0	549.5428699795301	280.4829479062499	0.0	516.2309280617029	178.1463677631716	0.0	366.28891652014204	362.4528927208049	0.0	419.57958697048286	317.29013226836275	0.0	461.0557949841041	235.5239817461368	0.0
244	2.033333333333333	403.9336906917626	594.3166238935918	0.0	419.8111434463722	590.161495834632	0.0	423.0580437845901	790.1596718726706	0.0	382.4661257740942	985.2696650867792	0.0	452.94127864569367	1010.8498106553878	0.0	443.25939941614064	1021.9402553033602	0.0	353.48180734020906	1007.2332254063199	0.0	384.3438043384467	587.9873616003633	0.0	379.37657318368133	782.570479729315	0.0	356.2195194455153	972.4602513771977	0.0	439.6795442822506	995.5505196484685	0.0	424.1504428434122	989.0713686236455	0.0	334.30763612475806	992.1154213018473	0.0	395.20568284511603	337.0593259980408	0.0	386.96308429818157	225.17820100832157	0.0	436.67980439086494	276.873303209958	0.0	427.77328037270604	346.0822310047916	0.0	549.0130264940375	278.93807408535366	0.0	518.89027365798	175.55087031478706	0.0	366.1532270130326	362.18572249949415	0.0	421.9612997309074	312.7262354464635	0.0	463.66400711532157	226.1358508574	0.0
245	2.0416666666666665	403.95144993387464	594.2545064778212	0.0	420.054401676573	590.3933889690904	0.0	423.0276956792985	790.4393982581029	0.0	382.31534920695844	985.5913275077473	0.0	452.8371303563738	1010.8287144164334	0.0	443.32710103656586	1022.0305026760152	0.0	353.20101310950594	1007.4689124998308	0.0	384.3630588439766	588.040667178887	0.0	379.34579114750545	782.7655981912491	0.0	356.2226321011116	972.7577880136737	0.0	439.94059038708144	995.9106183191846	0.0	424.23946162049486	989.2372700170038	0.0	334.4195326340273	992.4329724328409	0.0	395.05789131303584	336.8371654623072	0.0	387.21744661642606	225.31095659222314	0.0	436.59669413423	276.43344915357005	0.0	427.91362350671386	345.75326758881516	0.0	548.3874713194348	277.3654091936419	0.0	521.6238863072392	172.91551204307294	0.0	365.9730482194015	361.9702871587303	0.0	424.4209288268458	307.6345613664764	0.0	466.35150865618726	215.88061917102502	0.0
246	2.05	403.9965271724241	594.200339810905	0.0	420.3114090751502	590.6815758969973	0.0	423.0184380122203	790.7554216616494	0.0	382.14680312808383	985.9401482990602	0.0	452.7453167131514	1010.8183137115712	0.0	443.4132436165903	1022.1352968978233	0.0	352.9082426466846	1007.6976861408441	0.0	384.40873927617787	588.1286509721899	0.0	379.31815151774686	783.0034672741983	0.0	356.24333824956864	973.1121221521881	0.0	440.22506115263815	996.3327988709465	0.0	424.38757575494964	989.4476834389491	0.0	334.53712788346485	992.7913178150501	0.0	394.8342606486732	336.64087219525584	0.0	387.4334167623292	225.4299075538005	0.0	436.4555917023478	276.0533260560245	0.0	427.9992489864758	345.49347049731836	0.0	547.6724518643932	275.7790132892908	0.0	524.3770735534033	170.24189982030094	0.0	365.7597668678001	361.81145189516496	0.0	426.90329042296304	302.39244411766964	0.0	469.08234919064364	205.7164527242337	0.0
247	2.058333333333333	404.07654975217037	594.1735878631088	0.0	420.5540237008315	591.030997035689	0.0	423.0259382075674	791.0822875356033	0.0	381.9725231766759	986.2930929646099	0.0	452.67083277426536	1010.815858116135	0.0	443.5088597985196	1022.2485304547339	0.0	352.62626266931096	1007.8953205428423	0.0	384.4938377360054	588.2625724375827	0.0	379.29568137407915	783.2650703219796	0.0	356.2911720929081	973.4817032161345	0.0	440.51380251013313	996.7644736939613	0.0	424.5828220440814	989.680102782474	0.0	334.65601619855346	993.1495270750139	0.0	394.5474947313509	336.49918943340776	0.0	387.5854681822606	225.51531327346657	0.0	436.2631185882417	275.74520894182035	0.0	428.0225333081967	345.32056099463017	0.0	546.878892546936	274.1843652218435	0.0	527.0924978305804	167.52118203070825	0.0	365.5389667414908	361.70813918191993	0.0	429.36533177301897	297.2695284980747	0.0	471.83824536885015	196.28788244190113	0.0
248	2.0666666666666664	404.19745115745536	594.1887638157543	0.0	420.76237596112185	591.4344423171843	0.0	423.0479142120805	791.3891901196747	0.0	381.80019004872094	986.625437163879	0.0	452.6087443012388	1010.8118225964937	0.0	443.5997252970043	1022.3537575276912	0.0	352.36193133060203	1008.0346160337011	0.0	384.62842443323126	588.4446824447876	0.0	379.2834091423569	783.5194519008129	0.0	356.37022245430273	973.822316980572	0.0	440.7753538425077	997.1425604550761	0.0	424.80114014330513	989.8941139633611	0.0	334.7638272008514	993.4642805879134	0.0	394.2101425333725	336.4376774867476	0.0	387.65912304511977	225.55258888045773	0.0	436.0360239840207	275.5202911645905	0.0	427.9832176231097	345.24752064967373	0.0	546.0184415540705	272.5756583987864	0.0	529.7219374904998	164.73758713605474	0.0	365.3392084126572	361.6562706134544	0.0	431.7590255755243	292.4545836059753	0.0	474.61201140361476	188.0002625923346	0.0
249	2.075	404.3590588698477	594.2525261109553	0.0	420.9248232646748	591.8757535267196	0.0	423.07824988464944	791.6512711794668	0.0	381.6287255895338	986.9167514764805	0.0	452.5508782559743	1010.799953728786	0.0	443.67496599680373	1022.4390802219516	0.0	352.1102376046457	1008.100086936807	0.0	384.8157669163164	588.6655746455942	0.0	379.28837547974246	783.7326704775243	0.0	356.4766100511691	974.0997499948965	0.0	440.9841038057833	997.4128340285235	0.0	425.01323026416117	990.0527183564683	0.0	334.8475650182813	993.7035581969421	0.0	393.83560528308766	336.4713507272921	0.0	387.65117469692456	225.52207225855733	0.0	435.79016997999844	275.377240024467	0.0	427.8852207762423	345.2834200212098	0.0	545.1027439880066	270.9404842867068	0.0	532.2331904115932	161.88004307973586	0.0	365.18192322883664	361.64520108291293	0.0	434.0376476857165	288.04751261490173	0.0	477.3950363743088	181.08203419773744	0.0
250	2.0833333333333335	404.55224389061857	594.3685439366948	0.0	421.03410983148774	592.3406076952374	0.0	423.10012130397257	791.8578904541178	0.0	381.45011683337907	987.1586945595404	0.0	452.49709564965224	1010.7862559886312	0.0	443.73369654519416	1022.5112930113963	0.0	351.8652959207292	1008.100365148825	0.0	385.0559806055909	588.9123922788467	0.0	379.3165641370431	783.8816207871182	0.0	356.60462041502626	974.3008350925627	0.0	441.136638342714	997.5485489388	0.0	425.196985166055	990.1455560829368	0.0	334.90128861232483	993.8576926295482	0.0	393.4429483927281	336.60158578629216	0.0	387.56896638240767	225.39823960434643	0.0	435.5391516840162	275.2984635645143	0.0	427.7316526095768	345.4352606180505	0.0	544.1421908161653	269.26470970911697	0.0	534.6117828885466	158.95006037897303	0.0	365.0835105834461	361.65607594566364	0.0	436.1654479828193	284.0621115311756	0.0	480.17166669933636	175.64217833303277	0.0
251	2.091666666666667	404.7653297804519	594.5406469387559	0.0	421.0887389571067	592.8174690808638	0.0	423.09211142870794	792.0100889449743	0.0	381.25563094649647	987.3578963628805	0.0	452.4553081622229	1010.7823221082399	0.0	443.7812318948731	1022.5828211138377	0.0	351.62327253781166	1008.0573547010216	0.0	385.3504684329283	589.1749221615935	0.0	379.3704936279131	783.9612153211061	0.0	356.75444457393144	974.4322084111692	0.0	441.24650335089063	997.5515029560007	0.0	425.3486819190081	990.1790011686495	0.0	334.9273218838646	993.9386289787329	0.0	393.0547378392178	336.81791836790416	0.0	387.42730289667696	225.1735675254406	0.0	435.2993227941813	275.2663001165605	0.0	427.52456017393644	345.7056528810941	0.0	543.1396275184456	267.5291957468548	0.0	536.8601443225815	155.956311571694	0.0	365.0582197553795	361.6664443104759	0.0	438.11566419477697	280.4594986431364	0.0	482.92526557193736	171.7223182440723	0.0
252	2.1	404.9897725684625	594.771170421156	0.0	421.0923797241291	593.2908038767808	0.0	423.0401995710062	792.113277109296	0.0	381.043909054139	987.5264522288343	0.0	452.43684193946126	1010.7920300889346	0.0	443.82425570899966	1022.6519190191309	0.0	351.38604708675473	1007.9894068528774	0.0	385.6992262833741	589.4455620636886	0.0	379.44840241403284	783.9820995466415	0.0	356.9304528840469	974.5056202291952	0.0	441.3284211258135	997.4398046287264	0.0	425.4785668937738	990.1525988082631	0.0	334.9305935955966	993.9687798369167	0.0	392.6900163026039	337.0999489922737	0.0	387.2443147813992	224.87178456578278	0.0	435.08713201045805	275.274164794475	0.0	427.26940301241495	346.0852791034607	0.0	542.0861819644816	265.70626016792585	0.0	538.9916329123838	152.90669691554646	0.0	365.1160782462577	361.6567200544499	0.0	439.85478377087856	277.17947856436285	0.0	485.63425445392284	169.33028342931433	0.0
253	2.1083333333333334	405.2164851666803	595.0553077099407	0.0	421.0492913375792	593.7374009553035	0.0	422.9389119854089	792.174592394408	0.0	380.82235592668724	987.6719310373295	0.0	452.4548049171173	1010.8125237080883	0.0	443.8735062290335	1022.7088140286577	0.0	351.1673467346153	1007.9142026482579	0.0	386.0970301600013	589.7177609222196	0.0	379.54329782607704	783.965731294452	0.0	357.13362181758635	974.5292572992702	0.0	441.39364929744255	997.2412398698445	0.0	425.59987360576963	990.0590588642423	0.0	334.9147675126865	993.9704977344364	0.0	392.36210808345743	337.42056802503276	0.0	387.0433137151752	224.52916969755972	0.0	434.9151183664593	275.3199550344784	0.0	426.9747048298212	346.548665125266	0.0	540.9654917413437	263.766048955351	0.0	541.0186909669491	149.8107755451715	0.0	365.2600858722614	361.61747599404725	0.0	441.31162051015417	274.1600548922686	0.0	488.2467273616716	168.4617663952864	0.0
254	2.1166666666666667	405.4318649187918	595.3748001727922	0.0	420.9620911700013	594.1276240513954	0.0	422.7865067948702	792.2020925977201	0.0	380.59949331518857	987.7954387093371	0.0	452.5196278194191	1010.843308585434	0.0	443.94378417466606	1022.7503877946725	0.0	350.9871947818791	1007.8550138500646	0.0	386.5350787154548	589.9825556654398	0.0	379.64591149646657	783.9378399231354	0.0	357.3622834389826	974.5136830564304	0.0	441.4528025463145	996.9956192739688	0.0	425.7266894938966	989.900785705589	0.0	334.88495456861887	993.9638261338708	0.0	392.08050888239853	337.7524642317246	0.0	386.8543771464398	224.17440464478017	0.0	434.7931050706249	275.3965258552536	0.0	426.64738109004696	347.05792018103665	0.0	539.7580014553245	261.6889790062949	0.0	542.946987921061	146.68660493821028	0.0	365.4846082441953	361.5531572882774	0.0	442.38226342074256	271.3511323540537	0.0	490.66911272706585	169.1013675651252	0.0
255	2.125	405.62289474009253	595.6980836728493	0.0	420.8312523429294	594.4305980659592	0.0	422.58686481180257	792.199501025131	0.0	380.3803802874014	987.887599720344	0.0	452.6279075717597	1010.8827155732284	0.0	444.04163423694683	1022.7710372064092	0.0	350.85608003970384	1007.8245433443493	0.0	387.0040959774636	590.2250999113179	0.0	379.7518024451049	783.9164112866189	0.0	357.6174153945455	974.4743570823518	0.0	441.5049273235206	996.7518139201075	0.0	425.86739588361576	989.693708830285	0.0	334.84965084799154	993.966115292447	0.0	391.85028210508756	338.0745470500746	0.0	386.70199449567343	223.83103529618768	0.0	434.72713320810146	275.48926889679046	0.0	426.2919917731695	347.57025029348716	0.0	538.4391250385598	259.4758599017314	0.0	544.7828855215106	143.56385860302706	0.0	365.7770744611039	361.4747527821734	0.0	442.9909777633774	268.7169349891772	0.0	492.7920348289287	171.18044283665407	0.0
256	2.1333333333333333	405.7835968272283	595.988039584515	0.0	420.6541117567742	594.6213219381344	0.0	422.3491329136209	792.1598623736486	0.0	380.16898119431096	987.9238732767811	0.0	452.7555203047507	1010.9191511822305	0.0	444.1527815341277	1022.7482504138903	0.0	350.7683612984421	1007.8070927249936	0.0	387.49556795860707	590.4262003329386	0.0	379.86529241712407	783.9019457090629	0.0	357.90027433972466	974.4206826437901	0.0	441.52516862804447	996.5556006804228	0.0	426.01375120706984	989.4572802522214	0.0	334.8178130593086	993.987195475912	0.0	391.67099186102564	338.37439773325696	0.0	386.5910871753353	223.5247143605921	0.0	434.7165468867718	275.57979981913576	0.0	425.91232396361164	348.04588453968375	0.0	536.9803400429487	257.1497691090112	0.0	546.5418839807351	140.48454270173954	0.0	366.12299934864336	361.38980391023654	0.0	443.1195755140853	266.2315161652312	0.0	494.52116554067686	174.51731057505512	0.0
257	2.1416666666666666	405.91097113425536	596.2105430799238	0.0	420.42446171292454	594.6846234558893	0.0	422.0779375368039	792.0644729333727	0.0	379.96936426871895	987.8677924374728	0.0	452.8641202878701	1010.9361306718873	0.0	444.2458404346491	1022.6535276830884	0.0	350.71266561141255	1007.767939771841	0.0	387.9994081136182	590.5656072234866	0.0	379.99758037883964	783.8786741126783	0.0	358.20719627319824	974.3447706510253	0.0	441.4742663178498	996.4404193862002	0.0	426.14253524030863	989.210057255761	0.0	334.79787602950904	994.024630662632	0.0	391.53913072900696	338.6461083103406	0.0	386.5121064563359	223.27708921995665	0.0	434.75524029232446	275.65345012837565	0.0	425.51395742346966	348.4534254587402	0.0	535.357779892167	254.746728383253	0.0	548.2463191335287	137.50532785432358	0.0	366.5083778983057	361.30081559706997	0.0	442.76907792075303	263.87189703177165	0.0	495.7875792060195	178.76919810944955	0.0
258	2.15	405.99920105454765	596.3366682947143	0.0	420.1344407516875	594.6134230307533	0.0	421.7709453645696	791.8889477627425	0.0	379.7822024760846	987.6800433062679	0.0	452.9121708339147	1010.9217733521787	0.0	444.2853575623034	1022.4685572139394	0.0	350.6812171439812	1007.6735754495131	0.0	388.5020712313892	590.6220318669721	0.0	380.16355723130005	783.8187757186079	0.0	358.5305603355842	974.2234640196505	0.0	441.3142798709986	996.4264804677662	0.0	426.22581882541385	988.9708203466411	0.0	334.80063257346393	994.0642614440094	0.0	391.4508207408696	338.88753888755576	0.0	386.45473362292046	223.09784221527588	0.0	434.8346654188296	275.70722880231773	0.0	425.10584553509864	348.77185963141096	0.0	533.5579213429783	252.30499432099583	0.0	549.9187242636382	134.70291847231562	0.0	366.9181801313727	361.2052766412507	0.0	441.94781723643445	261.61575767442423	0.0	496.5606968122938	183.37585249000813	0.0
259	2.158333333333333	406.0448599913754	596.3397241085037	0.0	419.7786281442336	594.40366097318	0.0	421.42848361739885	791.6108084901292	0.0	379.59690595076916	987.329941482656	0.0	452.86167137736095	1010.8657658728761	0.0	444.23766814690356	1022.1782997213476	0.0	350.66057577166964	1007.4957125356253	0.0	388.99419578974545	590.5734975593572	0.0	380.38049888493816	783.681493370982	0.0	358.8648247400268	974.0297854666159	0.0	441.01392817249973	996.5200109474426	0.0	426.24398593097914	988.7502107307466	0.0	334.8390595548872	994.0845265135075	0.0	391.401381698814	339.10143767295165	0.0	386.4098421895473	222.9898401338777	0.0	434.9453714968386	275.7537262789806	0.0	424.69353345291455	348.99335461449925	0.0	531.5734737650304	249.86407171528296	0.0	551.578644249256	132.17286416897684	0.0	367.3375714766289	361.093245239382	0.0	440.7359559469351	259.4615595183556	0.0	496.8873165339487	187.480303402979	0.0
260	2.1666666666666665	406.0508135134287	596.1966562770248	0.0	419.35657042009444	594.0522602721419	0.0	421.05774907455606	791.2125840107052	0.0	379.3879634656223	986.8028505028907	0.0	452.6822876164949	1010.7554639772773	0.0	444.07271716350436	1021.7618352184868	0.0	350.62246978531965	1007.2081537352288	0.0	389.4772610401134	590.4021276437776	0.0	380.6656758386977	783.4145265819085	0.0	359.21079718914075	973.7415829131792	0.0	440.55244443700497	996.7107284146614	0.0	426.1938527200334	988.5418798519835	0.0	334.92386523360966	994.0617815474694	0.0	391.3833512903748	339.2990669274938	0.0	386.3652961891666	222.95837800388543	0.0	435.07889620668055	275.8164082461306	0.0	424.27198984624084	349.12548361310013	0.0	529.3968415911264	247.4661742929019	0.0	553.2395885742739	130.0125568596257	0.0	367.7543599782982	360.9517448037354	0.0	439.34554962164697	257.4462923918174	0.0	496.93168064227893	189.85018162641708	0.0
261	2.175	406.01777655655894	595.8948540933249	0.0	418.87193329719804	593.5610673292624	0.0	420.66975850440866	790.6835620077751	0.0	379.1272174351295	986.0966239070898	0.0	452.35484069396426	1010.5852652049152	0.0	443.77152356235507	1021.2048714331235	0.0	350.53990131145883	1006.7929323374224	0.0	389.953881107898	590.0987083089669	0.0	381.0313772558817	782.9653880745875	0.0	359.5714844055477	973.3424400603158	0.0	439.921944897468	996.9759888617858	0.0	426.0763096559851	988.3302637843068	0.0	335.0591841327666	993.9754858602598	0.0	391.38662994069927	339.5010088432666	0.0	386.30965168002615	223.00866177870085	0.0	435.2294912958924	275.916120238635	0.0	423.831601810481	349.18639464114415	0.0	527.0217370829174	245.15285710075358	0.0	554.9050953053824	128.2997555553019	0.0	368.1551482356822	360.77570881122097	0.0	438.07905120947413	255.62460748916587	0.0	496.9354672256368	189.10292759868545	0.0
262	2.183333333333333	405.9391310239197	595.4338414246976	0.0	418.33051029116797	592.9389637503424	0.0	420.27837128638174	790.02392145115	0.0	378.80165532722947	985.2166752287916	0.0	451.8773436686878	1010.3643702134854	0.0	443.3357125546862	1020.5133755925635	0.0	350.4075034330826	1006.2468644068829	0.0	390.4169778706537	589.6616953394908	0.0	381.4810482886607	782.2984021759602	0.0	359.94365984454674	972.821715859811	0.0	439.12510389200645	997.2899875588155	0.0	425.8828716656391	988.1020554700581	0.0	335.24109084922975	993.8111865741915	0.0	391.4005277848279	339.7300359396507	0.0	386.23784113707313	223.13660119604623	0.0	435.39273597735405	276.0601750466514	0.0	423.3693598828217	349.1947824651849	0.0	524.4556537529097	242.95923487682163	0.0	556.5669621668222	127.07409908675271	0.0	368.5228640867618	360.57360779462437	0.0	437.16873587070506	254.04473072229382	0.0	497.0636833017386	184.51032490621617	0.0
263	2.1916666666666664	405.8104600043514	594.8206204687082	0.0	417.7396777312881	592.1986449312775	0.0	419.8990706320845	789.246748813539	0.0	378.4183379650069	984.1808218456276	0.0	451.2720739307993	1010.1086592356518	0.0	442.7895407029972	1019.7078961548463	0.0	350.2368174950895	1005.5786871573775	0.0	390.8548043199192	589.0948898422992	0.0	382.00736558453735	781.4068768886293	0.0	360.317608998211	972.1811270484218	0.0	438.17609976931044	997.6293230128673	0.0	425.6072151658291	987.846891162605	0.0	335.46089814362347	993.5623568048566	0.0	391.4158290545555	339.99832250829553	0.0	386.1480632532016	223.32734653172537	0.0	435.56288083793675	276.24556460807725	0.0	422.8923841019051	349.16339275168247	0.0	521.7341691578958	240.90603799132006	0.0	558.2067008300995	126.32077017324369	0.0	368.8460737852658	360.3604849262158	0.0	436.6349446864977	252.74655995456817	0.0	497.296648450162	176.54481783093846	0.0
264	2.2	405.63968993345736	594.0740385609138	0.0	417.1116279668588	591.3607011877306	0.0	419.5445514533228	788.3778973320466	0.0	377.99811248002896	983.0268222552551	0.0	450.5807522228938	1009.8299114654624	0.0	442.17022154319517	1018.8156056399829	0.0	350.041298940256	1004.8075541080651	0.0	391.260022777634	588.4141150598454	0.0	382.59066059560735	780.3204794858844	0.0	360.68389491401325	971.4421422646956	0.0	437.10498813305765	997.9752411116777	0.0	425.2595548439505	987.5590809454965	0.0	335.7095099356497	993.2353456114162	0.0	391.42781353081534	340.3001096331548	0.0	386.03815350192605	223.56151374715265	0.0	435.73255199323376	276.4666441520082	0.0	422.41486150281236	349.0999352223668	0.0	518.9244050955535	238.99683401032974	0.0	559.8016242094704	125.9695575545582	0.0	369.1267749139215	360.1456991464391	0.0	436.3455609185448	251.74107797535657	0.0	497.5198694155473	166.35052314627518	0.0
265	2.2083333333333335	405.4451592669556	593.2433462719691	0.0	416.46933284816464	590.4691135778891	0.0	419.2176849723234	787.4607748597531	0.0	377.5654248878585	981.8141747380678	0.0	449.8478230030255	1009.5384021244956	0.0	441.5150805424645	1017.8783667765891	0.0	349.8324990919744	1003.9745730739583	0.0	391.6321244358034	587.6629002242281	0.0	383.2004227007683	779.1163145261148	0.0	361.0359207041368	970.6484962619878	0.0	435.96638749593075	998.3169710138742	0.0	424.8673358130978	987.2509005198265	0.0	335.9751855403555	992.8570911589688	0.0	391.43698157633605	340.6161207743749	0.0	385.912296226335	223.8193127462186	0.0	435.8955788259823	276.7110076524159	0.0	421.95128601651646	349.012955983389	0.0	516.1181673306171	237.22730604143132	0.0	561.3320304015583	125.90530791761566	0.0	369.37379017116535	359.93215667336284	0.0	436.1868816523223	250.96829280248417	0.0	497.68772026036464	154.9746609631273	0.0
